MSZoning,LotFrontage,LotArea,Street,Utilities,HouseStyle,YearBuilt,Foundation,TotRmsAbvGrd,KitchenAbvGr,MoSold,YrSold,SaleCondition,SalePrice
RL,65.0,8450,Pave,AllPub,2Story,2003,PConc,8,1,2,2008,Normal,2
RL,80.0,9600,Pave,AllPub,1Story,1976,CBlock,6,1,5,2007,Normal,2
RL,68.0,11250,Pave,AllPub,2Story,2001,PConc,6,1,9,2008,Normal,2
RL,60.0,9550,Pave,AllPub,2Story,1915,BrkTil,7,1,2,2006,Abnorml,1
RL,84.0,14260,Pave,AllPub,2Story,2000,PConc,9,1,12,2008,Normal,2
RL,85.0,14115,Pave,AllPub,1.5Fin,1993,Wood,5,1,10,2009,Normal,1
RL,75.0,10084,Pave,AllPub,1Story,2004,PConc,7,1,8,2007,Normal,3
RL,,10382,Pave,AllPub,2Story,1973,CBlock,7,1,11,2009,Normal,2
RM,51.0,6120,Pave,AllPub,1.5Fin,1931,BrkTil,8,2,4,2008,Abnorml,1
RL,50.0,7420,Pave,AllPub,1.5Unf,1939,BrkTil,5,2,1,2008,Normal,1
RL,70.0,11200,Pave,AllPub,1Story,1965,CBlock,5,1,2,2008,Normal,1
RL,85.0,11924,Pave,AllPub,2Story,2005,PConc,11,1,7,2006,Partial,3
RL,,12968,Pave,AllPub,1Story,1962,CBlock,4,1,9,2008,Normal,1
RL,91.0,10652,Pave,AllPub,1Story,2006,PConc,7,1,8,2007,Partial,3
RL,,10920,Pave,AllPub,1Story,1960,CBlock,5,1,5,2008,Normal,1
RM,51.0,6120,Pave,AllPub,1.5Unf,1929,BrkTil,5,1,7,2007,Normal,1
RL,,11241,Pave,AllPub,1Story,1970,CBlock,5,1,3,2010,Normal,1
RL,72.0,10791,Pave,AllPub,1Story,1967,Slab,6,2,10,2006,Normal,0
RL,66.0,13695,Pave,AllPub,1Story,2004,PConc,6,1,6,2008,Normal,1
RL,70.0,7560,Pave,AllPub,1Story,1958,CBlock,6,1,5,2009,Abnorml,1
RL,101.0,14215,Pave,AllPub,2Story,2005,PConc,9,1,11,2006,Partial,3
RM,57.0,7449,Pave,AllPub,1.5Unf,1930,PConc,6,1,6,2007,Normal,1
RL,75.0,9742,Pave,AllPub,1Story,2002,PConc,7,1,9,2008,Normal,2
RM,44.0,4224,Pave,AllPub,1Story,1976,PConc,6,1,6,2007,Normal,1
RL,,8246,Pave,AllPub,1Story,1968,CBlock,6,1,5,2010,Normal,1
RL,110.0,14230,Pave,AllPub,1Story,2007,PConc,7,1,7,2009,Normal,2
RL,60.0,7200,Pave,AllPub,1Story,1951,CBlock,5,1,5,2010,Normal,1
RL,98.0,11478,Pave,AllPub,1Story,2007,PConc,7,1,5,2010,Normal,3
RL,47.0,16321,Pave,AllPub,1Story,1957,CBlock,6,1,12,2006,Normal,2
RM,60.0,6324,Pave,AllPub,1Story,1927,BrkTil,4,1,5,2008,Normal,0
C (all),50.0,8500,Pave,AllPub,2Story,1920,BrkTil,6,1,7,2008,Normal,0
RL,,8544,Pave,AllPub,1Story,1966,CBlock,6,1,6,2008,Normal,1
RL,85.0,11049,Pave,AllPub,1Story,2007,PConc,7,1,1,2008,Normal,2
RL,70.0,10552,Pave,AllPub,1Story,1959,CBlock,6,1,4,2010,Normal,1
RL,60.0,7313,Pave,AllPub,1Story,2005,PConc,6,1,8,2007,Normal,2
RL,108.0,13418,Pave,AllPub,2Story,2004,PConc,9,1,9,2006,Normal,3
RL,112.0,10859,Pave,AllPub,1Story,1994,PConc,6,1,6,2009,Normal,1
RL,74.0,8532,Pave,AllPub,1Story,1954,CBlock,5,1,10,2009,Normal,1
RL,68.0,7922,Pave,AllPub,1Story,1953,CBlock,5,1,1,2010,Abnorml,1
RL,65.0,6040,Pave,AllPub,1Story,1955,PConc,6,2,6,2008,AdjLand,0
RL,84.0,8658,Pave,AllPub,1Story,1965,CBlock,6,1,12,2006,Abnorml,1
RL,115.0,16905,Pave,AllPub,1Story,1959,CBlock,5,1,7,2007,Normal,1
RL,,9180,Pave,AllPub,SFoyer,1983,CBlock,5,1,12,2007,Normal,1
RL,,9200,Pave,AllPub,1Story,1975,CBlock,5,1,7,2008,Normal,1
RL,70.0,7945,Pave,AllPub,1Story,1959,CBlock,6,1,5,2006,Normal,1
RL,61.0,7658,Pave,AllPub,1Story,2005,PConc,6,1,2,2010,Normal,3
RL,48.0,12822,Pave,AllPub,1.5Fin,2003,PConc,6,1,8,2009,Abnorml,2
FV,84.0,11096,Pave,AllPub,1Story,2006,PConc,7,1,7,2007,Normal,2
RM,33.0,4456,Pave,AllPub,2Story,1920,BrkTil,8,3,6,2009,Partial,1
RL,66.0,7742,Pave,AllPub,1Story,1966,CBlock,6,1,1,2007,Normal,1
RL,,13869,Pave,AllPub,2Story,1997,PConc,6,1,7,2007,Normal,1
RM,52.0,6240,Pave,AllPub,1.5Fin,1934,PConc,6,1,9,2006,Normal,1
RM,110.0,8472,Grvl,AllPub,1Story,1963,CBlock,5,1,5,2010,Normal,1
RL,68.0,50271,Pave,AllPub,1Story,1981,CBlock,5,1,11,2006,Normal,3
RL,60.0,7134,Pave,AllPub,SLvl,1955,CBlock,6,1,2,2007,Normal,1
RL,100.0,10175,Pave,AllPub,1Story,1964,CBlock,7,1,7,2008,Normal,2
FV,24.0,2645,Pave,AllPub,2Story,1999,PConc,7,1,8,2009,Abnorml,1
RL,89.0,11645,Pave,AllPub,2Story,2004,PConc,7,1,8,2006,Normal,2
RL,66.0,13682,Pave,AllPub,2Story,2006,PConc,10,1,10,2006,Partial,3
RL,60.0,7200,Pave,AllPub,1Story,1972,CBlock,4,1,1,2008,Normal,1
RL,63.0,13072,Pave,AllPub,1Story,2004,PConc,5,1,5,2006,Partial,1
RM,60.0,7200,Pave,AllPub,2.5Unf,1920,BrkTil,6,1,3,2007,Normal,0
RL,44.0,6442,Pave,AllPub,1Story,2006,PConc,6,1,10,2007,Normal,2
RM,50.0,10300,Pave,AllPub,2Story,1921,BrkTil,9,1,4,2010,Normal,1
RL,,9375,Pave,AllPub,2Story,1997,PConc,8,1,2,2009,Normal,2
RL,76.0,9591,Pave,AllPub,2Story,2004,PConc,9,1,10,2007,Normal,3
RL,,19900,Pave,AllPub,1Story,1970,CBlock,7,1,7,2010,Normal,2
RL,72.0,10665,Pave,AllPub,1Story,2003,PConc,7,1,6,2007,Normal,2
RM,47.0,4608,Pave,AllPub,1Story,1945,CBlock,4,1,6,2010,Normal,0
RL,81.0,15593,Pave,AllPub,1.5Fin,1953,CBlock,7,1,7,2006,Normal,2
RL,95.0,13651,Pave,AllPub,1Story,1973,CBlock,8,1,2,2007,Normal,2
RL,69.0,7599,Pave,AllPub,1Story,1982,CBlock,4,1,6,2007,Normal,1
RL,74.0,10141,Pave,AllPub,2Story,1998,PConc,7,1,12,2009,Normal,2
RL,85.0,10200,Pave,AllPub,1Story,1954,CBlock,6,1,5,2010,Normal,1
RM,60.0,5790,Pave,AllPub,2Story,1915,CBlock,8,2,5,2010,Normal,1
RM,21.0,1596,Pave,AllPub,SLvl,1973,CBlock,5,1,11,2009,Normal,0
RL,,8475,Pave,AllPub,1Story,1956,CBlock,4,1,4,2008,Normal,1
RM,50.0,8635,Pave,AllPub,1.5Fin,1948,CBlock,6,1,1,2008,Normal,1
RL,72.0,10778,Pave,AllPub,1Story,1968,CBlock,8,2,4,2010,Normal,1
RM,60.0,10440,Pave,AllPub,2Story,1910,PConc,5,1,5,2009,Normal,1
RL,100.0,13000,Pave,AllPub,2Story,1968,CBlock,8,1,6,2009,Normal,2
RM,32.0,4500,Pave,AllPub,1Story,1998,PConc,5,1,3,2006,Normal,1
RL,78.0,10206,Pave,AllPub,1Story,2007,PConc,6,1,10,2008,Normal,2
RL,80.0,8892,Pave,AllPub,1Story,1960,CBlock,6,1,7,2007,Normal,1
RL,,8530,Pave,AllPub,SLvl,1995,PConc,7,1,5,2009,Normal,1
RL,121.0,16059,Pave,AllPub,2Story,1991,CBlock,9,1,4,2006,Normal,2
RL,122.0,11911,Pave,AllPub,2Story,2005,PConc,6,1,3,2009,Normal,1
FV,40.0,3951,Pave,AllPub,2Story,2009,PConc,4,1,6,2009,Partial,1
C (all),105.0,8470,Pave,AllPub,1.5Fin,1915,CBlock,6,1,10,2009,Abnorml,0
RL,60.0,8070,Pave,AllPub,1Story,1994,PConc,5,1,8,2007,Normal,1
RL,60.0,7200,Pave,AllPub,1Story,1950,Slab,4,1,7,2006,Normal,1
RL,85.0,8500,Pave,AllPub,1Story,1961,CBlock,6,1,12,2006,Abnorml,0
RL,80.0,13360,Pave,AllPub,1Story,1921,BrkTil,5,1,8,2009,Normal,1
C (all),60.0,7200,Pave,AllPub,2.5Unf,1910,BrkTil,9,2,11,2007,Normal,1
RL,69.0,9337,Pave,AllPub,2Story,1997,PConc,7,1,5,2007,Normal,2
RL,,9765,Pave,AllPub,2Story,1993,PConc,6,1,4,2009,Normal,2
RL,78.0,10264,Pave,AllPub,1Story,1999,PConc,6,1,8,2006,Normal,2
RL,73.0,10921,Pave,AllPub,1Story,1965,CBlock,6,1,5,2007,Normal,0
RL,85.0,10625,Pave,AllPub,1Story,1920,BrkTil,5,1,5,2010,Abnorml,0
RL,77.0,9320,Pave,AllPub,1Story,1959,CBlock,6,1,1,2010,Normal,1
RL,,10603,Pave,AllPub,1Story,1977,PConc,6,1,2,2010,Normal,2
RL,77.0,9206,Pave,AllPub,2Story,1985,CBlock,7,1,6,2010,Normal,1
RL,64.0,7018,Pave,AllPub,1Story,1979,Slab,8,2,6,2009,Alloca,1
RL,94.0,10402,Pave,AllPub,1Story,2009,PConc,6,1,5,2010,Normal,2
RM,,7758,Pave,AllPub,1.5Fin,1931,PConc,7,1,6,2007,Normal,1
FV,75.0,9375,Pave,AllPub,2Story,2003,PConc,9,1,8,2008,Normal,2
RM,60.0,10800,Pave,AllPub,1Story,1885,BrkTil,6,1,8,2007,Normal,0
RM,50.0,6000,Pave,AllPub,1Story,1948,CBlock,5,1,4,2008,Partial,1
RM,85.0,8500,Pave,AllPub,1.5Fin,1919,CBlock,7,1,8,2007,Normal,1
RL,105.0,11751,Pave,AllPub,1Story,1977,CBlock,7,1,1,2010,Normal,2
RL,75.0,9525,Pave,AllPub,1.5Fin,1954,CBlock,7,1,10,2006,Normal,1
RL,,7750,Pave,AllPub,SLvl,2000,PConc,7,1,4,2010,Normal,2
RL,77.0,9965,Pave,AllPub,2Story,2007,PConc,10,1,10,2007,Partial,3
RL,,21000,Pave,AllPub,1Story,1953,CBlock,7,1,10,2007,Abnorml,2
RL,61.0,7259,Pave,AllPub,2Story,1945,CBlock,9,1,7,2007,Normal,2
FV,34.0,3230,Pave,AllPub,2Story,1999,PConc,5,1,6,2007,Normal,1
RL,,11616,Pave,AllPub,1Story,1962,CBlock,6,1,9,2009,Normal,1
RL,74.0,8536,Pave,AllPub,1Story,2006,PConc,5,1,4,2007,Partial,1
RL,90.0,12376,Pave,AllPub,2Story,1990,PConc,11,1,5,2010,Normal,3
RL,65.0,8461,Pave,AllPub,2Story,2005,PConc,8,1,7,2006,Partial,1
RL,,21453,Pave,AllPub,SLvl,1969,CBlock,4,1,10,2006,Normal,2
RM,50.0,6060,Pave,AllPub,1.5Fin,1939,PConc,4,1,6,2007,Normal,0
RL,75.0,9464,Pave,AllPub,1Story,1958,CBlock,5,1,6,2008,Normal,1
RL,55.0,7892,Pave,AllPub,1Story,1993,PConc,5,1,3,2008,Normal,1
RL,48.0,17043,Pave,AllPub,1Story,1979,CBlock,7,1,1,2009,Normal,2
RM,60.0,6780,Pave,AllPub,1.5Fin,1935,CBlock,5,1,6,2006,Normal,0
RL,,4928,Pave,AllPub,1Story,1976,CBlock,5,1,2,2007,Normal,1
RM,55.0,4388,Pave,AllPub,1.5Unf,1930,BrkTil,5,1,6,2007,Normal,0
RL,69.0,7590,Pave,AllPub,2Story,1966,CBlock,6,1,7,2006,Normal,1
RL,69.0,8973,Pave,AllPub,1Story,1958,CBlock,6,1,7,2006,Abnorml,1
RL,88.0,14200,Pave,AllPub,2Story,1966,CBlock,8,1,5,2006,Normal,2
RL,,12224,Pave,AllPub,2Story,2000,PConc,7,1,7,2009,Normal,2
RL,75.0,7388,Pave,AllPub,1Story,1959,CBlock,7,1,7,2007,Normal,1
RL,,6853,Pave,AllPub,1Story,2001,PConc,6,1,6,2009,Normal,2
RL,78.0,10335,Pave,AllPub,1Story,1968,CBlock,7,1,7,2006,Normal,2
RL,80.0,10400,Pave,AllPub,1Story,1970,PConc,7,1,5,2008,Normal,1
RL,,10355,Pave,AllPub,1Story,1967,CBlock,5,1,7,2007,Normal,1
RL,82.0,11070,Pave,AllPub,1Story,1988,CBlock,9,2,7,2006,Family,1
RL,73.0,9066,Pave,AllPub,2Story,1999,PConc,7,1,12,2008,Normal,2
RL,65.0,15426,Pave,AllPub,2Story,1997,PConc,7,1,8,2009,Normal,2
RL,70.0,10500,Pave,AllPub,1Story,1971,CBlock,5,1,4,2010,Normal,1
RL,78.0,11645,Pave,AllPub,1Story,2005,PConc,7,1,1,2006,Normal,2
RL,71.0,8520,Pave,AllPub,1.5Fin,1952,CBlock,6,1,6,2010,Normal,1
RL,78.0,10335,Pave,AllPub,1Story,1999,PConc,6,1,6,2009,Normal,2
RM,70.0,9100,Pave,AllPub,1Story,1963,CBlock,10,2,11,2006,Abnorml,1
RM,24.0,2522,Pave,AllPub,2Story,2004,PConc,7,1,4,2006,Normal,1
RM,51.0,6120,Pave,AllPub,1Story,1931,BrkTil,5,1,11,2009,Normal,0
RL,,9505,Pave,AllPub,2Story,2001,PConc,8,1,5,2010,Normal,2
RL,63.0,7500,Pave,AllPub,1Story,2004,PConc,6,1,4,2008,Normal,1
RM,,6240,Pave,AllPub,1.5Fin,1936,BrkTil,7,1,4,2006,Normal,1
RL,120.0,10356,Pave,AllPub,1Story,1975,CBlock,5,1,1,2007,Normal,1
RL,107.0,13891,Pave,AllPub,1Story,2007,PConc,6,1,1,2008,Partial,3
RL,,14803,Pave,AllPub,2Story,1971,CBlock,8,1,6,2006,Normal,2
RL,,13500,Pave,AllPub,1Story,1960,CBlock,4,1,3,2008,Normal,2
RM,84.0,11340,Pave,AllPub,1Story,1923,BrkTil,7,1,3,2006,Family,1
RL,60.0,9600,Pave,AllPub,1.5Fin,1924,BrkTil,5,1,4,2008,Normal,0
RL,60.0,7200,Pave,AllPub,1Story,1950,CBlock,5,1,6,2006,Normal,1
RL,92.0,12003,Pave,AllPub,2Story,2009,PConc,8,1,5,2010,Partial,2
FV,100.0,12552,Pave,AllPub,2Story,2004,PConc,8,1,5,2010,Normal,2
RL,134.0,19378,Pave,AllPub,2Story,2005,PConc,9,1,3,2006,Partial,3
RL,,11120,Pave,AllPub,1Story,1984,PConc,6,1,6,2008,Normal,1
RL,110.0,13688,Pave,AllPub,2Story,2003,PConc,10,1,3,2008,Normal,3
RL,95.0,12182,Pave,AllPub,1Story,2005,PConc,7,1,5,2010,Partial,2
RL,55.0,5500,Pave,AllPub,1.5Unf,1956,CBlock,4,1,4,2007,Normal,0
RM,40.0,5400,Pave,AllPub,1Story,1926,BrkTil,5,1,10,2007,Normal,1
RL,62.0,10106,Pave,AllPub,1.5Fin,1940,BrkTil,6,2,9,2008,Normal,1
RL,,10708,Pave,AllPub,1Story,1955,CBlock,7,1,11,2009,Normal,2
RL,86.0,10562,Pave,AllPub,2Story,2007,PConc,8,1,11,2007,Partial,3
RL,62.0,8244,Pave,AllPub,2Story,2004,PConc,7,1,5,2007,Normal,2
RL,,16669,Pave,AllPub,1Story,1981,CBlock,6,1,1,2006,Normal,2
RM,,12358,Pave,AllPub,1.5Fin,1941,CBlock,7,1,5,2007,Normal,1
RL,141.0,31770,Pave,AllPub,1Story,1960,CBlock,7,1,5,2010,Normal,2
RL,44.0,5306,Pave,AllPub,2Story,1987,PConc,5,1,6,2006,Normal,2
RL,80.0,10197,Pave,AllPub,1Story,1961,CBlock,6,1,6,2008,Normal,1
RL,47.0,12416,Pave,AllPub,1Story,1986,CBlock,7,1,11,2008,Normal,2
RL,84.0,12615,Pave,AllPub,1Story,1950,CBlock,7,1,6,2007,Normal,2
RL,97.0,10029,Pave,AllPub,2Story,1988,PConc,8,1,9,2007,Normal,2
RL,,13650,Pave,AllPub,1.5Fin,1958,CBlock,8,1,7,2006,Normal,1
RL,63.0,17423,Pave,AllPub,1Story,2008,PConc,9,1,7,2009,Partial,3
RM,60.0,8520,Pave,AllPub,1Story,1923,CBlock,5,1,7,2007,Normal,0
FV,,2117,Pave,AllPub,2Story,2000,PConc,5,1,6,2007,Normal,1
RL,54.0,7588,Pave,AllPub,2Story,1920,BrkTil,9,1,7,2006,Normal,2
RL,60.0,9060,Pave,AllPub,1Story,1957,PConc,7,1,6,2007,Normal,1
RM,63.0,11426,Pave,AllPub,1.5Fin,2003,PConc,6,1,6,2008,Normal,2
RL,92.0,7438,Pave,AllPub,1.5Fin,1908,PConc,5,1,6,2006,Normal,1
RM,90.0,22950,Pave,AllPub,2.5Fin,1892,BrkTil,12,1,6,2006,Normal,3
RL,,9947,Pave,AllPub,SLvl,1990,PConc,6,1,6,2009,Normal,1
RL,60.0,10410,Pave,AllPub,1.5Fin,1916,CBlock,8,1,8,2009,Normal,1
RL,64.0,7018,Pave,AllPub,SFoyer,1979,CBlock,6,2,6,2009,Alloca,1
RL,41.0,4923,Pave,AllPub,1Story,2001,PConc,5,1,8,2008,Normal,3
RL,70.0,10570,Pave,AllPub,2Story,1932,CBlock,10,1,12,2007,Normal,3
RL,,7472,Pave,AllPub,2Story,1972,CBlock,7,1,6,2007,Normal,2
RL,68.0,9017,Pave,AllPub,1Story,1999,PConc,6,1,9,2009,Normal,2
RM,24.0,2522,Pave,AllPub,2Story,2004,PConc,7,1,5,2006,Normal,1
RL,60.0,7180,Pave,AllPub,1Story,1972,CBlock,5,1,5,2008,Normal,1
RL,24.0,2280,Pave,AllPub,2Story,1976,CBlock,7,1,7,2009,Normal,1
RL,79.0,9416,Pave,AllPub,1Story,2007,PConc,8,1,9,2007,Partial,3
RL,174.0,25419,Pave,AllPub,2Story,1918,PConc,8,1,3,2006,Abnorml,2
RM,92.0,5520,Pave,AllPub,2.5Fin,1912,CBlock,8,1,7,2009,Abnorml,0
RL,76.0,9591,Pave,AllPub,1Story,2004,PConc,7,1,1,2009,Normal,2
RM,80.0,8546,Pave,AllPub,1Story,2003,PConc,5,1,3,2010,Normal,1
RL,75.0,10125,Pave,AllPub,1Story,1977,CBlock,6,1,2,2008,Normal,1
RL,50.0,7000,Pave,AllPub,1.5Fin,1924,BrkTil,6,1,5,2006,Normal,1
RM,,4438,Pave,AllPub,1Story,2004,PConc,3,1,1,2008,Normal,1
RM,50.0,3500,Pave,AllPub,1.5Fin,1947,CBlock,5,1,4,2009,Normal,1
RL,99.0,11851,Pave,AllPub,1Story,1990,PConc,5,1,5,2009,Normal,2
RL,40.0,13673,Pave,AllPub,1Story,1962,CBlock,8,1,3,2007,Normal,1
RL,,12493,Pave,AllPub,1Story,1960,PConc,6,1,4,2008,Normal,1
RL,,14364,Pave,AllPub,2Story,1988,CBlock,7,1,4,2007,Normal,2
RL,75.0,8250,Pave,AllPub,1Story,1964,CBlock,6,1,7,2008,Normal,1
RL,67.0,5604,Pave,AllPub,1Story,1925,CBlock,5,1,4,2008,Normal,0
RL,83.0,10420,Pave,AllPub,1Story,2009,PConc,6,1,3,2010,Normal,2
FV,72.0,8640,Pave,AllPub,2Story,2009,PConc,7,1,7,2009,Partial,2
RL,43.0,13568,Pave,AllPub,1Story,1995,PConc,5,1,7,2006,Normal,1
RL,,10900,Pave,AllPub,2Story,1977,CBlock,6,1,3,2010,Normal,1
RL,72.0,10011,Pave,AllPub,1Story,1957,CBlock,6,1,5,2006,Normal,1
RL,65.0,8450,Pave,AllPub,1Story,2004,PConc,8,1,4,2008,Normal,2
RM,57.0,9906,Pave,AllPub,2Story,1925,CBlock,8,1,9,2006,Family,1
RL,,15660,Pave,AllPub,1.5Fin,1939,CBlock,8,1,5,2008,Normal,3
RL,43.0,3010,Pave,AllPub,1Story,2005,PConc,5,1,3,2006,Partial,1
RL,73.0,8990,Pave,AllPub,1Story,2006,PConc,5,1,4,2006,Partial,2
RL,,8068,Pave,AllPub,2Story,2002,PConc,8,1,12,2009,Normal,2
RL,85.0,11475,Pave,AllPub,2Story,1975,CBlock,6,1,2,2006,Normal,2
RL,70.0,10500,Pave,AllPub,1Story,1971,CBlock,4,1,3,2009,Abnorml,0
RL,103.0,13472,Pave,AllPub,1Story,2003,PConc,8,1,6,2009,Normal,3
RM,21.0,1680,Pave,AllPub,2Story,1971,CBlock,6,1,5,2009,Abnorml,1
RL,82.0,9950,Pave,AllPub,2Story,1995,PConc,9,1,6,2007,Abnorml,3
RM,21.0,1869,Pave,AllPub,2Story,1970,CBlock,5,1,9,2008,Normal,0
RL,70.0,8521,Pave,AllPub,1Story,1967,CBlock,5,1,5,2010,Normal,1
RL,43.0,3182,Pave,AllPub,1Story,2005,PConc,7,1,5,2009,Normal,2
RL,73.0,8760,Pave,AllPub,1Story,1959,CBlock,6,1,4,2010,Normal,1
RL,174.0,15138,Pave,AllPub,2Story,1995,PConc,9,1,7,2009,Normal,3
RM,21.0,1680,Pave,AllPub,2Story,1972,CBlock,5,1,6,2006,Normal,0
RL,75.0,10650,Pave,AllPub,1Story,1976,CBlock,5,1,2,2010,Normal,1
RL,,7851,Pave,AllPub,2Story,2002,PConc,8,1,5,2010,Normal,2
RM,21.0,1680,Pave,AllPub,2Story,1971,CBlock,5,1,8,2008,Normal,0
RL,65.0,8773,Pave,AllPub,1Story,2004,PConc,6,1,5,2010,Normal,2
RL,,9453,Pave,AllPub,2Story,1993,PConc,7,1,2,2010,Normal,2
RL,93.0,12030,Pave,AllPub,1Story,2007,PConc,7,1,12,2007,Partial,3
RL,52.0,8741,Pave,AllPub,1.5Fin,1945,CBlock,7,1,4,2010,Normal,1
FV,75.0,9000,Pave,AllPub,1Story,2008,PConc,7,1,4,2010,Normal,2
RM,40.0,3880,Pave,AllPub,1Story,1945,CBlock,4,1,8,2007,Normal,1
RM,63.0,5000,Pave,AllPub,1.5Fin,1900,BrkTil,6,1,4,2006,Normal,0
RL,75.0,10762,Pave,AllPub,2Story,1980,CBlock,6,1,4,2009,Normal,1
RL,,8880,Pave,AllPub,2Story,1994,PConc,8,1,5,2010,Normal,2
RL,80.0,10400,Pave,AllPub,1Story,1988,CBlock,6,1,6,2006,Normal,2
RM,69.0,9142,Pave,AllPub,2Story,1910,Stone,9,2,4,2006,Normal,1
RL,75.0,11310,Pave,AllPub,1Story,1954,CBlock,5,1,6,2006,Normal,1
RL,72.0,11317,Pave,AllPub,2Story,2003,PConc,8,1,9,2007,Normal,2
RL,,159000,Pave,AllPub,1.5Fin,1958,CBlock,7,1,6,2007,Normal,2
RL,55.0,5350,Pave,AllPub,1Story,1940,CBlock,6,1,5,2010,Normal,0
RM,44.0,4750,Pave,AllPub,1Story,2006,PConc,5,1,12,2007,Family,2
RL,65.0,8366,Pave,AllPub,2Story,2004,PConc,6,1,12,2008,Normal,1
RL,85.0,9350,Pave,AllPub,SLvl,1964,CBlock,7,1,10,2007,Normal,1
RL,70.0,8400,Pave,AllPub,1Story,1957,CBlock,5,1,6,2010,Normal,1
RL,66.0,8738,Pave,AllPub,2Story,1999,PConc,8,1,2,2006,Normal,2
FV,64.0,8791,Pave,AllPub,2Story,2003,PConc,7,1,5,2008,Normal,2
RL,68.0,8814,Pave,AllPub,1Story,2006,PConc,8,1,3,2009,Abnorml,2
RL,80.0,12435,Pave,AllPub,2Story,2001,PConc,7,1,5,2008,Normal,2
RM,70.0,12702,Pave,AllPub,1Story,1956,PConc,4,1,12,2008,Normal,0
RL,120.0,19296,Pave,AllPub,SLvl,1962,CBlock,6,1,5,2009,Normal,1
RL,69.0,9588,Pave,AllPub,2Story,2007,PConc,10,1,11,2007,Partial,2
RL,88.0,8471,Pave,AllPub,SLvl,1977,CBlock,6,1,7,2006,Normal,1
RM,50.0,5500,Pave,AllPub,1.5Fin,1929,BrkTil,6,1,4,2010,Normal,1
RM,30.0,5232,Pave,AllPub,1Story,1925,BrkTil,4,1,6,2008,Normal,0
RL,78.0,12090,Pave,AllPub,1Story,1981,CBlock,7,1,6,2008,Normal,1
RL,70.0,11207,Pave,AllPub,2Story,1997,PConc,8,1,6,2006,Normal,2
RL,60.0,8400,Pave,AllPub,2.5Fin,1939,PConc,8,1,7,2008,Normal,2
RM,71.0,6900,Pave,AllPub,1Story,1940,CBlock,4,1,2,2008,Normal,1
RL,,7917,Pave,AllPub,1Story,1976,CBlock,6,1,5,2007,Normal,1
FV,84.0,10728,Pave,AllPub,2Story,2006,PConc,8,1,8,2006,Partial,2
RL,73.0,39104,Pave,AllPub,1Story,1954,CBlock,5,1,4,2008,Normal,2
RL,92.0,11764,Pave,AllPub,2Story,1999,PConc,9,1,4,2010,Normal,3
RL,80.0,9600,Pave,AllPub,1Story,1958,CBlock,6,1,4,2009,Normal,1
RL,76.0,8314,Pave,AllPub,1Story,1982,CBlock,5,1,6,2007,Normal,1
RL,55.0,7264,Pave,AllPub,1.5Fin,1925,BrkTil,5,1,10,2009,Normal,2
RL,129.0,9196,Pave,AllPub,1Story,2003,PConc,7,1,4,2010,Normal,2
RL,140.0,19138,Pave,AllPub,1Story,1951,CBlock,4,1,6,2010,Normal,1
RL,107.0,14450,Pave,AllPub,1Story,2006,PConc,8,1,5,2007,Partial,3
RL,83.0,10005,Pave,AllPub,2Story,1977,CBlock,8,1,3,2008,Normal,2
RL,82.0,11287,Pave,AllPub,2Story,1989,CBlock,7,1,1,2007,Normal,2
FV,60.0,7200,Pave,AllPub,1Story,2006,PConc,5,1,5,2006,Partial,2
RL,34.0,5063,Pave,AllPub,1Story,2007,PConc,6,1,4,2009,Normal,2
RL,74.0,9612,Pave,AllPub,1Story,2008,PConc,6,1,12,2009,Partial,2
RL,50.0,8012,Pave,AllPub,1Story,1992,PConc,5,1,7,2007,Normal,1
FV,35.0,4251,Pave,AllPub,2Story,2006,PConc,5,1,6,2007,Partial,1
RL,77.0,9786,Pave,AllPub,1.5Fin,1962,CBlock,7,1,6,2006,Normal,1
RL,,8125,Pave,AllPub,1Story,1971,CBlock,5,1,6,2006,Normal,0
RL,,9819,Pave,AllPub,1Story,1967,CBlock,5,1,2,2010,Normal,1
RL,60.0,8730,Pave,AllPub,2Story,1915,BrkTil,7,1,7,2007,Normal,1
RL,120.0,15611,Pave,AllPub,2Story,2006,PConc,8,1,7,2006,Partial,2
RL,55.0,5687,Pave,AllPub,2Story,1912,PConc,9,1,3,2008,Normal,1
RL,60.0,11409,Pave,AllPub,1.5Fin,1949,CBlock,8,1,1,2009,Normal,1
RL,,16659,Pave,AllPub,2Story,1977,CBlock,9,1,3,2006,Normal,2
RL,80.0,9600,Pave,AllPub,1Story,1953,CBlock,7,1,10,2009,Normal,1
RL,37.0,7937,Pave,AllPub,SLvl,1984,CBlock,6,1,3,2006,Normal,1
RM,75.0,13710,Pave,AllPub,1.5Fin,1950,CBlock,6,1,6,2007,Normal,1
FV,66.0,7399,Pave,AllPub,2Story,1997,PConc,7,1,6,2007,Normal,2
RL,90.0,11700,Pave,AllPub,2Story,1968,CBlock,7,1,6,2007,Normal,1
RL,80.0,14000,Pave,AllPub,1Story,1950,CBlock,6,1,8,2009,Family,1
RL,90.0,15750,Pave,AllPub,1Story,1953,CBlock,5,1,6,2006,Normal,1
RL,66.0,16226,Pave,AllPub,2Story,1998,PConc,9,1,5,2007,Normal,2
RL,118.0,13704,Pave,AllPub,1Story,2001,PConc,6,1,1,2006,Normal,2
RL,70.0,9800,Pave,AllPub,1Story,1972,PConc,5,1,7,2006,Abnorml,1
RM,87.0,18386,Pave,AllPub,2.5Fin,1880,BrkTil,10,1,5,2008,Normal,3
RL,80.0,10386,Pave,AllPub,1Story,2004,PConc,8,1,7,2007,Normal,3
RL,116.0,13474,Pave,AllPub,2Story,1990,CBlock,8,1,6,2007,Normal,2
RM,,7920,Pave,AllPub,1.5Fin,1920,CBlock,6,1,3,2008,Normal,0
RL,,12342,Pave,AllPub,1Story,1940,CBlock,4,1,3,2009,Normal,0
RL,90.0,12378,Pave,AllPub,1Story,2003,PConc,8,1,11,2006,Normal,3
RL,,7685,Pave,AllPub,2Story,1993,PConc,6,1,5,2006,Normal,1
RL,50.0,8000,Pave,AllPub,1Story,1948,CBlock,5,1,5,2009,Normal,1
RM,65.0,7800,Pave,AllPub,1.5Fin,1939,CBlock,5,1,5,2006,Normal,1
RL,150.0,215245,Pave,AllPub,1Story,1965,CBlock,8,1,6,2009,Normal,3
RM,60.0,9600,Pave,AllPub,2Story,1925,BrkTil,6,1,8,2006,Normal,1
RL,71.0,7795,Pave,AllPub,2Story,2004,PConc,6,1,7,2009,Normal,2
RL,94.0,13005,Pave,AllPub,2Story,1980,CBlock,10,1,8,2009,Normal,2
FV,75.0,9000,Pave,AllPub,2Story,2006,PConc,8,1,12,2007,Normal,2
RL,90.0,9900,Pave,AllPub,2Story,1993,PConc,9,1,4,2009,Normal,2
RL,,14115,Pave,AllPub,SLvl,1980,CBlock,6,1,6,2009,Normal,2
RL,111.0,16259,Pave,AllPub,2Story,2006,PConc,9,1,9,2006,Partial,3
RL,99.0,12099,Pave,AllPub,2Story,2004,PConc,10,1,6,2007,Normal,3
RL,86.0,10380,Pave,AllPub,2Story,1986,CBlock,8,1,8,2007,Normal,3
RM,49.0,5820,Pave,AllPub,1Story,1955,CBlock,6,1,7,2006,Normal,1
RL,96.0,11275,Pave,AllPub,SLvl,1967,CBlock,11,1,6,2010,Normal,2
RM,50.0,5000,Pave,AllPub,1.5Unf,1941,CBlock,5,1,12,2007,Normal,0
RL,32.0,10846,Pave,AllPub,1Story,1993,PConc,6,1,5,2008,Normal,3
RL,80.0,11600,Pave,AllPub,1Story,1960,CBlock,7,1,4,2006,Normal,1
RL,,11888,Pave,AllPub,2.5Unf,1916,BrkTil,10,1,7,2009,Normal,2
RM,60.0,6402,Pave,AllPub,2Story,1920,PConc,6,1,7,2009,Normal,0
RL,,10624,Pave,AllPub,1Story,1964,CBlock,10,2,11,2007,Normal,1
RL,70.0,8176,Pave,AllPub,1Story,1958,CBlock,6,1,8,2007,Normal,1
RL,85.0,10655,Pave,AllPub,1Story,2003,PConc,7,1,10,2009,Normal,3
RM,59.0,8198,Pave,AllPub,1Story,2004,PConc,6,1,7,2008,Normal,2
RL,59.0,9042,Pave,AllPub,2Story,1998,PConc,7,1,7,2008,Normal,2
RL,,164660,Grvl,AllPub,1.5Fin,1965,CBlock,7,1,8,2008,Normal,2
RL,86.0,14157,Pave,AllPub,1Story,2005,PConc,8,1,7,2007,Normal,3
RL,70.0,9135,Pave,AllPub,1Story,2002,PConc,7,1,12,2008,Normal,2
RL,91.0,14145,Pave,AllPub,1Story,1984,CBlock,8,1,5,2006,Normal,2
RL,66.0,12400,Pave,AllPub,1Story,1958,CBlock,6,1,6,2009,Normal,1
RL,85.0,14191,Pave,AllPub,2Story,2002,PConc,9,1,4,2010,Normal,2
RH,60.0,8400,Pave,AllPub,1Story,1950,CBlock,4,1,9,2009,Normal,0
RL,,8544,Pave,AllPub,1Story,1949,Slab,6,2,5,2006,Normal,0
RL,63.0,8849,Pave,AllPub,1Story,2005,PConc,6,1,7,2008,Normal,2
RM,36.0,2592,Pave,AllPub,2Story,1976,CBlock,4,1,4,2010,Normal,0
RL,65.0,6435,Pave,AllPub,1.5Fin,1939,BrkTil,6,1,10,2006,Normal,1
RL,,12772,Pave,AllPub,1Story,1960,CBlock,5,1,4,2007,Normal,1
RL,,17600,Pave,AllPub,1Story,1960,CBlock,6,1,12,2009,Normal,1
RL,36.0,2448,Pave,AllPub,2Story,2003,PConc,6,1,10,2008,Normal,1
RL,56.0,20431,Pave,AllPub,2Story,2005,PConc,10,1,4,2006,Partial,3
RL,68.0,7820,Pave,AllPub,1Story,2007,PConc,6,1,12,2007,Partial,3
RL,,5271,Pave,AllPub,1Story,1986,PConc,6,1,12,2006,Abnorml,2
RL,60.0,9084,Pave,AllPub,1.5Fin,1941,CBlock,5,1,3,2008,Normal,0
RM,60.0,8520,Pave,AllPub,1Story,1928,BrkTil,5,1,5,2010,Normal,0
RL,60.0,8400,Pave,AllPub,1.5Fin,1940,CBlock,6,1,6,2006,Normal,1
RL,105.0,11249,Pave,AllPub,1Story,1995,PConc,6,1,8,2007,Normal,1
RL,,9248,Pave,AllPub,1Story,1992,PConc,6,1,7,2009,Normal,1
RM,44.0,4224,Pave,AllPub,1Story,1976,PConc,6,1,8,2007,Normal,1
RL,92.0,6930,Pave,AllPub,SLvl,1958,CBlock,6,1,7,2006,Abnorml,1
RL,78.0,12011,Pave,AllPub,2Story,1998,PConc,7,1,6,2006,Normal,3
RL,,7540,Pave,AllPub,SFoyer,1978,CBlock,5,1,6,2007,Normal,1
RL,,9144,Pave,AllPub,1.5Fin,1940,CBlock,8,1,7,2008,Normal,1
RL,64.0,7301,Pave,AllPub,SFoyer,2003,Slab,7,1,7,2009,Normal,2
RM,21.0,1680,Pave,AllPub,2Story,1972,CBlock,5,1,5,2009,Normal,1
RL,,18800,Pave,AllPub,2Story,1976,PConc,6,1,7,2006,Normal,2
RM,59.0,10690,Pave,AllPub,2Story,1920,CBlock,6,1,7,2009,Normal,1
RL,,9500,Pave,AllPub,1Story,1963,CBlock,6,1,7,2009,Normal,1
RL,101.0,9150,Pave,AllPub,SLvl,1962,CBlock,6,1,12,2008,Normal,1
RL,78.0,7800,Pave,AllPub,1Story,1954,PConc,7,1,3,2010,Normal,1
RL,,9830,Pave,AllPub,1Story,1959,CBlock,7,1,3,2010,Normal,1
RL,,8121,Pave,AllPub,2Story,2000,PConc,7,1,1,2006,Normal,1
RL,80.0,17120,Pave,AllPub,1.5Fin,1959,CBlock,7,1,7,2008,Normal,1
RL,50.0,7175,Pave,AllPub,1Story,1984,CBlock,4,1,2,2010,Normal,1
RL,79.0,10634,Pave,AllPub,1Story,1953,PConc,5,1,11,2009,Normal,1
RL,65.0,8200,Pave,AllPub,2Story,2003,PConc,8,1,7,2007,Normal,2
RL,,10020,Pave,AllPub,1Story,1922,BrkTil,4,1,3,2009,Normal,0
RL,57.0,8846,Pave,AllPub,SFoyer,1996,PConc,5,1,7,2006,Normal,1
FV,102.0,11143,Pave,AllPub,2Story,2004,PConc,8,1,12,2007,Normal,3
RL,88.0,11394,Pave,AllPub,1Story,2010,PConc,8,1,6,2010,Partial,3
RL,60.0,8123,Pave,AllPub,2Story,2000,PConc,7,1,6,2009,Normal,1
RL,50.0,5000,Pave,AllPub,1.5Fin,1924,BrkTil,6,1,5,2010,Normal,1
FV,60.0,7200,Pave,AllPub,1Story,2006,PConc,5,1,8,2006,Partial,2
RL,79.0,9245,Pave,AllPub,2Story,2006,PConc,8,1,4,2007,Normal,2
RH,60.0,9000,Pave,AllPub,1.5Unf,1928,BrkTil,5,1,10,2009,Normal,0
RL,,53107,Pave,AllPub,2Story,1992,PConc,9,1,6,2007,Normal,2
RL,43.0,3182,Pave,AllPub,1Story,2004,PConc,6,1,4,2010,Normal,2
RL,58.0,8410,Pave,AllPub,1.5Fin,1910,PConc,8,1,5,2006,AdjLand,0
RL,72.0,7200,Pave,AllPub,SLvl,1976,CBlock,6,1,10,2009,Abnorml,1
RL,93.0,9382,Pave,AllPub,1Story,1999,PConc,6,1,7,2008,Normal,2
RL,96.0,12474,Pave,AllPub,2Story,2007,PConc,9,1,8,2008,Partial,3
RL,50.0,8405,Pave,AllPub,1.5Fin,1900,BrkTil,7,1,4,2008,Normal,1
RL,71.0,12209,Pave,AllPub,2Story,2001,PConc,7,1,6,2009,Normal,2
RL,,8339,Pave,AllPub,1Story,1959,Slab,5,1,7,2007,Normal,1
RL,,7446,Pave,AllPub,1Story,1941,CBlock,4,1,4,2006,Abnorml,0
RL,60.0,10134,Pave,AllPub,1.5Fin,1940,CBlock,5,1,7,2007,Normal,1
RL,68.0,9571,Pave,AllPub,1Story,1956,CBlock,6,1,6,2010,Normal,1
RL,60.0,7200,Pave,AllPub,1Story,1972,CBlock,6,1,9,2009,Normal,1
RL,69.0,7590,Pave,AllPub,2Story,1962,CBlock,8,1,7,2007,Normal,1
RM,60.0,8967,Pave,AllPub,1Story,1920,BrkTil,6,1,11,2007,Abnorml,0
FV,65.0,8125,Pave,AllPub,2Story,2006,PConc,7,1,10,2009,Normal,2
RL,38.0,14963,Pave,AllPub,1Story,1996,PConc,4,1,12,2008,Normal,2
RL,65.0,8767,Pave,AllPub,1Story,2005,PConc,6,1,7,2006,Partial,1
RL,60.0,10200,Pave,AllPub,1Story,1940,PConc,4,1,8,2008,Normal,1
RL,93.0,12090,Pave,AllPub,2Story,1998,PConc,10,1,7,2006,Abnorml,2
RL,,10364,Pave,AllPub,2Story,1995,PConc,7,1,5,2007,Normal,1
RL,,9991,Pave,AllPub,1Story,1976,CBlock,8,1,6,2009,Normal,1
RL,51.0,10480,Pave,AllPub,1.5Fin,1936,BrkTil,6,1,3,2008,Normal,1
RL,63.0,15576,Pave,AllPub,2Story,1915,BrkTil,8,1,3,2008,Normal,1
RL,109.0,14154,Pave,AllPub,2Story,2006,PConc,9,1,8,2007,Partial,3
FV,85.0,10800,Pave,AllPub,2Story,2007,PConc,8,1,4,2008,Partial,3
RL,68.0,9571,Pave,AllPub,1Story,1958,CBlock,5,1,6,2009,Abnorml,0
RL,100.0,34650,Pave,AllPub,1Story,1955,CBlock,5,1,1,2006,Normal,1
FV,,4403,Pave,AllPub,1Story,2009,PConc,7,1,6,2010,Partial,2
RM,56.0,8960,Pave,AllPub,1Story,1927,CBlock,5,1,3,2010,Normal,1
RL,59.0,11228,Pave,AllPub,2Story,1993,PConc,9,1,12,2008,Normal,2
RL,73.0,8899,Pave,AllPub,1Story,2007,PConc,6,1,8,2007,Partial,2
RL,74.0,7844,Pave,AllPub,2Story,1978,CBlock,6,1,3,2006,Normal,1
RL,86.0,22420,Pave,AllPub,2Story,1918,BrkTil,10,1,11,2007,Normal,2
RL,60.0,8160,Pave,AllPub,1.5Fin,1940,BrkTil,7,1,4,2007,AdjLand,1
RL,65.0,8450,Pave,AllPub,1Story,1968,CBlock,6,1,7,2010,Normal,1
RM,78.0,7060,Pave,AllPub,SFoyer,1997,PConc,8,2,11,2008,Alloca,2
RL,,16635,Pave,AllPub,1Story,1977,CBlock,8,1,6,2009,Normal,2
RL,100.0,21750,Pave,AllPub,1Story,1954,CBlock,4,1,2,2008,Normal,1
RL,80.0,9200,Pave,AllPub,2Story,1998,PConc,8,1,6,2008,Normal,3
RL,72.0,9000,Pave,AllPub,1Story,1956,CBlock,6,1,5,2008,Normal,1
RM,60.0,3378,Pave,AllPub,2Story,1946,CBlock,6,1,9,2009,Normal,1
RL,,12800,Pave,AllPub,SLvl,1989,PConc,5,1,8,2009,Normal,2
RL,77.0,8593,Pave,AllPub,1Story,1957,CBlock,5,1,7,2008,Normal,1
RL,64.0,6762,Pave,AllPub,1Story,2007,PConc,6,1,9,2007,Partial,2
RL,130.0,11457,Pave,AllPub,1Story,1988,CBlock,6,1,3,2009,Normal,1
RM,21.0,1680,Pave,AllPub,2Story,1971,CBlock,4,1,7,2008,Abnorml,0
RM,60.0,5586,Pave,AllPub,1.5Fin,1920,BrkTil,7,1,9,2008,Abnorml,0
RM,24.0,1920,Pave,AllPub,2Story,1971,CBlock,6,1,8,2007,Normal,1
RL,100.0,10839,Pave,AllPub,2Story,1997,PConc,7,1,7,2008,Normal,2
RM,21.0,1890,Pave,AllPub,SFoyer,1972,CBlock,3,1,6,2008,Normal,0
RL,43.0,10667,Pave,AllPub,2Story,1996,PConc,6,1,4,2009,Normal,2
RM,40.0,4400,Pave,AllPub,1.5Fin,1920,BrkTil,6,1,10,2006,Normal,1
RM,50.0,6000,Pave,AllPub,1.5Unf,1926,PConc,4,1,1,2009,Normal,1
RL,40.0,4280,Pave,AllPub,1Story,1913,PConc,4,1,3,2007,Normal,0
RL,67.0,12354,Pave,AllPub,1.5Fin,1920,BrkTil,7,1,8,2009,Normal,1
RL,105.0,15431,Pave,AllPub,1Story,2008,PConc,10,1,4,2009,Normal,3
RL,92.0,12108,Pave,AllPub,1Story,1955,CBlock,8,2,9,2008,Normal,1
RM,52.0,6240,Pave,AllPub,1.5Fin,1930,PConc,8,1,6,2008,Normal,1
RL,53.0,3922,Pave,AllPub,1Story,2006,PConc,6,1,6,2007,Partial,1
RL,70.0,8750,Pave,AllPub,2Story,1994,PConc,8,1,7,2008,Normal,2
RL,73.0,9855,Pave,AllPub,1Story,1956,CBlock,7,1,11,2009,Normal,1
RL,137.0,16492,Pave,AllPub,1Story,1966,CBlock,6,1,6,2010,Normal,2
RL,,11214,Pave,AllPub,2Story,1998,PConc,10,1,7,2006,Normal,2
RM,50.0,8600,Pave,AllPub,1.5Fin,1937,BrkTil,7,1,6,2006,Normal,1
RM,50.0,6000,Pave,AllPub,1.5Fin,1948,CBlock,6,1,6,2007,Normal,1
RM,70.0,5684,Pave,AllPub,1Story,1930,BrkTil,5,1,6,2006,Normal,1
RL,62.0,70761,Pave,AllPub,1Story,1975,CBlock,5,1,12,2006,Normal,3
RL,,9303,Pave,AllPub,2Story,1996,PConc,7,1,7,2007,Normal,2
FV,75.0,9000,Pave,AllPub,2Story,2008,PConc,6,1,6,2009,Normal,2
RL,63.0,9297,Pave,AllPub,1Story,1976,CBlock,8,2,7,2006,Family,2
RL,80.0,9600,Pave,AllPub,1Story,1973,CBlock,6,1,9,2007,Normal,1
RM,34.0,4571,Pave,AllPub,2Story,1916,BrkTil,7,1,5,2008,Abnorml,0
RL,,53227,Pave,AllPub,1Story,1954,CBlock,6,1,3,2008,Normal,2
RM,,5100,Pave,AllPub,2Story,1925,PConc,7,1,6,2008,Normal,1
RL,,7015,Pave,AllPub,1.5Fin,1950,CBlock,5,1,7,2009,Normal,1
FV,75.0,8004,Pave,AllPub,2Story,2009,PConc,8,1,12,2009,Partial,2
RL,60.0,7200,Pave,AllPub,2Story,1936,PConc,6,1,4,2009,Normal,1
RL,60.0,8281,Pave,AllPub,1Story,1965,CBlock,5,1,12,2009,Normal,0
RL,74.0,11988,Pave,AllPub,2Story,1934,CBlock,6,1,8,2008,Normal,2
RL,60.0,8430,Pave,AllPub,1Story,1978,CBlock,5,1,8,2009,Normal,1
RM,,3072,Pave,AllPub,1Story,2004,PConc,6,1,5,2006,Normal,1
RL,85.0,10628,Pave,AllPub,1Story,1970,CBlock,5,1,4,2007,Normal,1
RL,79.0,9480,Pave,AllPub,2Story,1942,CBlock,7,1,6,2007,Normal,1
RL,98.0,11428,Pave,AllPub,1Story,2006,PConc,7,1,5,2007,Normal,2
RL,76.0,9291,Pave,AllPub,2Story,1993,PConc,7,1,6,2008,Normal,2
RL,,6820,Pave,AllPub,1Story,1985,PConc,4,1,6,2010,Normal,2
RL,92.0,11952,Pave,AllPub,2Story,1977,CBlock,8,1,11,2007,Normal,2
RM,35.0,3675,Pave,AllPub,SLvl,2005,PConc,5,1,6,2008,Normal,1
RL,110.0,14977,Pave,AllPub,1Story,2006,PConc,7,1,7,2007,Partial,3
RL,41.0,5330,Pave,AllPub,1Story,2000,PConc,6,1,8,2007,Normal,2
RL,80.0,8480,Pave,AllPub,1Story,1963,CBlock,5,1,7,2007,Normal,1
RL,75.0,13125,Pave,AllPub,1Story,1997,PConc,7,1,4,2008,Normal,2
RL,105.0,13693,Pave,AllPub,2Story,2006,PConc,9,1,3,2007,Normal,3
RL,79.0,10637,Pave,AllPub,1Story,2007,PConc,7,1,9,2009,Normal,3
RM,50.0,5925,Pave,AllPub,1Story,1937,BrkTil,7,1,3,2007,Alloca,0
RL,98.0,16033,Pave,AllPub,1Story,2004,PConc,8,1,3,2006,Normal,3
RL,72.0,11846,Pave,AllPub,1Story,2003,PConc,6,1,8,2006,Normal,3
RM,50.0,2500,Pave,AllPub,2Story,1915,PConc,7,1,6,2009,Normal,1
RM,32.0,4500,Pave,AllPub,1Story,1998,PConc,5,1,5,2006,Normal,1
RL,,7758,Pave,AllPub,1Story,1962,CBlock,6,1,3,2007,Normal,1
RL,80.0,9600,Pave,AllPub,1Story,1950,CBlock,5,1,7,2009,Normal,1
RL,79.0,10289,Pave,AllPub,1Story,1965,CBlock,6,1,6,2007,Normal,1
RL,70.0,12243,Pave,AllPub,1Story,1971,CBlock,7,1,2,2007,Normal,1
RL,60.0,10800,Pave,AllPub,1.5Fin,1900,CBlock,10,2,5,2006,Normal,1
RM,21.0,1526,Pave,AllPub,SFoyer,1970,CBlock,3,1,5,2009,Normal,0
RM,,2665,Pave,AllPub,2Story,1976,PConc,4,1,6,2008,Normal,1
RL,79.0,9490,Pave,AllPub,1.5Fin,1941,CBlock,5,1,8,2006,Normal,1
RL,105.0,15578,Pave,AllPub,2Story,2006,PConc,8,1,5,2006,Partial,1
RL,70.0,7931,Pave,AllPub,1Story,1960,CBlock,6,1,6,2008,Normal,1
RM,50.0,5784,Pave,AllPub,1Story,1938,BrkTil,4,1,12,2009,Normal,0
C (all),60.0,7879,Pave,AllPub,1Story,1920,CBlock,4,1,11,2009,Abnorml,0
RL,,12692,Pave,AllPub,1Story,1992,PConc,10,1,5,2007,Normal,3
RL,60.0,9120,Pave,AllPub,1.5Fin,1925,PConc,8,1,6,2008,Normal,2
RL,65.0,7800,Pave,AllPub,1Story,1967,PConc,5,1,6,2009,Normal,1
RL,70.0,7535,Pave,AllPub,1Story,1958,CBlock,5,1,6,2007,Normal,1
RM,21.0,1890,Pave,AllPub,2Story,1973,CBlock,7,1,5,2007,Normal,1
FV,75.0,9803,Pave,AllPub,2Story,2005,PConc,7,1,2,2008,Normal,2
RL,70.0,9170,Pave,AllPub,1Story,1965,CBlock,6,1,4,2007,Normal,1
RL,100.0,15602,Pave,AllPub,1Story,1959,CBlock,6,1,3,2010,Normal,3
RL,24.0,2308,Pave,AllPub,2Story,1974,CBlock,6,1,6,2009,Normal,1
RM,60.0,7596,Pave,AllPub,2Story,1952,CBlock,10,2,7,2009,Normal,1
RL,80.0,9554,Pave,AllPub,2Story,1993,PConc,8,1,9,2006,Normal,2
FV,75.0,7862,Pave,AllPub,1Story,2009,PConc,4,1,9,2009,Partial,2
RM,60.0,9600,Pave,AllPub,2Story,1928,BrkTil,7,1,10,2008,Normal,1
RL,80.0,9600,Pave,AllPub,1Story,1959,CBlock,6,1,7,2009,Normal,1
RL,75.0,14559,Pave,AllPub,1Story,1951,CBlock,6,1,6,2009,Normal,1
RL,40.0,6792,Pave,AllPub,1Story,2005,PConc,6,1,3,2006,Partial,2
RL,70.0,9100,Pave,AllPub,1Story,1958,CBlock,5,1,7,2006,Normal,1
RL,71.0,9187,Pave,AllPub,1Story,1983,PConc,5,1,6,2007,Normal,1
RL,55.0,10594,Pave,AllPub,1.5Unf,1926,BrkTil,5,1,6,2007,Normal,0
RL,94.0,12220,Pave,AllPub,1Story,2009,CBlock,9,1,9,2009,Partial,3
RL,,10448,Pave,AllPub,SLvl,1972,CBlock,7,1,8,2009,Abnorml,1
RL,79.0,10208,Pave,AllPub,2Story,1996,PConc,7,1,7,2009,Normal,2
RL,,9531,Pave,AllPub,2Story,1998,PConc,7,1,5,2007,Normal,2
RL,53.0,10918,Pave,AllPub,2Story,1926,BrkTil,9,1,6,2009,Normal,2
RL,60.0,10800,Pave,AllPub,2Story,1900,BrkTil,7,2,8,2008,Normal,0
RL,90.0,11988,Pave,AllPub,1Story,1957,CBlock,6,1,5,2007,Normal,1
RM,50.0,5000,Pave,AllPub,1.5Fin,1947,CBlock,7,1,10,2006,Normal,1
RL,130.0,40094,Pave,AllPub,2Story,2007,PConc,11,1,10,2007,Partial,2
RL,95.0,11787,Pave,AllPub,2Story,1996,PConc,8,1,8,2007,Normal,3
FV,62.0,7500,Pave,AllPub,1Story,2005,PConc,6,1,4,2006,Normal,1
RL,70.0,13300,Pave,AllPub,1Story,1956,CBlock,4,1,6,2007,Normal,1
RL,67.0,14948,Pave,AllPub,2Story,2008,PConc,11,1,11,2008,Partial,3
RL,58.0,9098,Pave,AllPub,1Story,1920,BrkTil,5,1,7,2007,Normal,0
RL,,32668,Pave,AllPub,1Story,1957,PConc,9,2,3,2007,Alloca,2
RL,85.0,10200,Pave,AllPub,SLvl,1988,CBlock,5,1,8,2008,Abnorml,1
RM,60.0,6155,Pave,AllPub,2Story,1920,BrkTil,6,1,6,2008,Normal,1
RL,60.0,7200,Pave,AllPub,1Story,1955,Slab,5,1,4,2010,Normal,1
RL,50.0,5000,Pave,AllPub,1Story,1946,Slab,2,1,1,2007,Normal,0
RL,74.0,9056,Pave,AllPub,2Story,2004,PConc,6,1,10,2006,Normal,1
RL,70.0,7000,Pave,AllPub,2Story,1910,CBlock,5,1,1,2008,Normal,1
RL,57.0,8924,Pave,AllPub,2Story,1998,PConc,8,1,7,2008,Normal,2
RL,,12735,Pave,AllPub,1Story,1972,CBlock,5,1,4,2008,Normal,1
RL,,11553,Pave,AllPub,1Story,1968,CBlock,7,1,7,2006,Normal,1
RL,,11423,Pave,AllPub,1Story,2001,PConc,6,1,5,2010,Normal,2
RL,85.0,14601,Pave,AllPub,1Story,2006,PConc,8,1,3,2009,Normal,3
RL,,11000,Pave,AllPub,2Story,2000,PConc,8,1,6,2007,Normal,2
RL,78.0,10140,Pave,AllPub,1Story,1998,PConc,7,1,6,2009,Normal,2
RH,34.0,4058,Pave,AllPub,SFoyer,1998,PConc,4,1,6,2007,Normal,1
RL,58.0,17104,Pave,AllPub,2Story,2006,PConc,7,1,9,2006,Partial,2
RL,,13837,Pave,AllPub,1.5Fin,1988,PConc,9,1,2,2006,Normal,2
RL,70.0,8737,Pave,AllPub,1.5Fin,1923,BrkTil,6,1,5,2007,Normal,2
RL,54.0,7244,Pave,AllPub,SFoyer,1970,CBlock,5,1,4,2007,Normal,1
RM,49.0,8235,Pave,AllPub,1Story,1955,CBlock,4,1,6,2008,Normal,1
FV,75.0,9375,Pave,AllPub,2Story,2003,PConc,8,1,11,2009,Normal,2
RL,53.0,4043,Pave,AllPub,1Story,1977,CBlock,4,1,10,2008,Abnorml,1
RM,50.0,6000,Pave,AllPub,1Story,1957,CBlock,5,1,6,2008,Normal,1
RL,87.0,11146,Pave,AllPub,1Story,2006,PConc,7,1,7,2009,Normal,2
RL,67.0,8777,Pave,AllPub,1Story,1949,CBlock,5,1,5,2009,Normal,1
RL,85.0,10625,Pave,AllPub,2Story,2003,PConc,8,1,8,2008,Normal,3
RM,58.0,6380,Pave,AllPub,1.5Unf,1922,BrkTil,5,1,8,2006,Normal,1
RL,69.0,14850,Pave,AllPub,1Story,1957,CBlock,6,1,5,2006,Normal,1
C (all),60.0,11040,Pave,AllPub,1.5Fin,1920,CBlock,7,1,9,2006,Normal,1
RL,57.0,21872,Pave,AllPub,2Story,1996,PConc,6,1,8,2008,Normal,1
RL,,3196,Pave,AllPub,1Story,2003,PConc,7,1,10,2006,Normal,2
RL,,11341,Pave,AllPub,1Story,1957,CBlock,5,1,5,2010,Normal,1
RL,77.0,10010,Pave,AllPub,1Story,1974,CBlock,6,1,4,2006,Normal,1
RL,63.0,13907,Pave,AllPub,1Story,1940,CBlock,6,1,7,2008,Normal,1
RL,66.0,21780,Pave,AllPub,1.5Fin,1918,BrkTil,8,1,7,2008,Normal,2
RL,,13346,Pave,AllPub,2Story,1992,PConc,9,1,7,2006,Normal,2
RL,66.0,6858,Pave,AllPub,2Story,1915,PConc,6,1,5,2010,Normal,1
RL,77.0,11198,Pave,AllPub,2Story,2005,PConc,11,1,6,2008,Normal,3
RL,70.0,10171,Pave,AllPub,1Story,2004,PConc,7,1,3,2010,Normal,2
RL,79.0,12327,Pave,AllPub,1.5Fin,1983,CBlock,5,1,9,2009,Normal,3
RL,,7032,Pave,AllPub,SFoyer,1979,CBlock,4,1,12,2006,Normal,1
RL,74.0,13101,Pave,AllPub,1Story,1965,CBlock,10,2,11,2008,Normal,1
RL,60.0,7332,Pave,AllPub,1Story,1959,CBlock,4,1,10,2006,Abnorml,1
RL,83.0,13159,Pave,AllPub,2Story,2009,PConc,6,1,7,2009,Partial,2
RL,76.0,9967,Pave,AllPub,SLvl,2000,PConc,8,1,12,2007,Normal,1
RL,70.0,10500,Pave,AllPub,SLvl,1971,CBlock,5,1,12,2007,Normal,1
RL,80.0,8480,Pave,AllPub,1.5Fin,1947,CBlock,6,1,10,2008,Abnorml,1
RL,52.0,6292,Pave,AllPub,1.5Fin,1928,BrkTil,6,1,8,2009,Normal,1
RL,96.0,11777,Pave,AllPub,SLvl,1966,CBlock,6,1,5,2006,Abnorml,1
FV,34.0,3604,Pave,AllPub,2Story,2007,PConc,5,1,2,2008,Abnorml,1
RM,81.0,12150,Pave,AllPub,1.5Fin,1954,BrkTil,7,1,11,2008,Normal,1
RL,,14585,Pave,AllPub,1Story,1960,CBlock,7,1,6,2007,Normal,2
RL,98.0,12704,Pave,AllPub,1Story,2008,PConc,8,1,8,2009,Partial,2
RL,81.0,11841,Grvl,AllPub,SFoyer,1990,CBlock,5,1,5,2007,Normal,1
RM,75.0,13500,Pave,AllPub,2.5Unf,1893,BrkTil,9,1,7,2008,Normal,3
RM,51.0,6120,Pave,AllPub,1.5Fin,1935,BrkTil,6,1,7,2009,Normal,1
RL,88.0,11443,Pave,AllPub,1Story,2005,PConc,7,1,3,2006,Partial,3
RL,55.0,10267,Pave,AllPub,1Story,1918,BrkTil,5,1,5,2008,Normal,1
RL,74.0,8740,Pave,AllPub,SFoyer,1982,CBlock,4,1,7,2009,Normal,1
RL,65.0,25095,Pave,AllPub,1Story,1968,CBlock,5,1,6,2009,Partial,1
RM,50.0,9100,Pave,AllPub,1Story,1930,BrkTil,4,1,8,2008,Normal,0
RL,64.0,8320,Pave,AllPub,2Story,2004,PConc,6,1,9,2008,Normal,2
RL,97.0,13478,Pave,AllPub,2Story,2008,PConc,10,1,6,2009,Normal,3
RL,60.0,6600,Pave,AllPub,1Story,1982,PConc,4,1,6,2008,Normal,1
RM,,4435,Pave,AllPub,1Story,2003,PConc,4,1,5,2009,Normal,1
RL,88.0,7990,Pave,AllPub,1Story,1975,CBlock,5,1,4,2008,Normal,1
RL,69.0,11302,Pave,AllPub,1Story,2005,PConc,7,1,8,2006,Partial,3
RM,60.0,3600,Pave,AllPub,2Story,1910,CBlock,7,1,10,2006,Normal,1
RL,53.0,3922,Pave,AllPub,1Story,2006,PConc,7,1,2,2007,Partial,2
RL,80.0,12984,Pave,AllPub,1Story,1977,CBlock,7,1,3,2006,Normal,2
RM,24.0,1950,Pave,AllPub,2Story,1980,CBlock,6,1,7,2008,Normal,1
RL,74.0,10927,Pave,AllPub,2Story,2005,PConc,8,1,6,2006,Normal,2
RM,50.0,9000,Pave,AllPub,1.5Fin,1937,PConc,6,1,12,2007,Normal,1
RL,80.0,10041,Pave,AllPub,2Story,1992,PConc,8,1,2,2006,Abnorml,2
FV,30.0,3182,Pave,AllPub,2Story,2004,PConc,4,1,6,2010,Normal,1
RL,88.0,12803,Pave,AllPub,1Story,2002,PConc,6,1,9,2008,Normal,2
RL,85.0,13600,Pave,AllPub,2Story,1965,CBlock,7,1,10,2009,Normal,2
RL,82.0,12464,Pave,AllPub,1Story,1996,PConc,6,1,11,2009,Normal,1
RL,78.0,7800,Pave,AllPub,2Story,1948,CBlock,8,1,8,2006,Normal,2
RL,78.0,12168,Pave,AllPub,2Story,1934,PConc,10,1,9,2007,Alloca,3
RL,61.0,7943,Pave,AllPub,1Story,1961,CBlock,5,1,4,2007,Normal,1
RL,,11050,Pave,AllPub,2Story,2000,PConc,8,1,5,2009,Normal,3
RL,,10395,Pave,AllPub,SLvl,1978,CBlock,6,1,7,2007,Normal,1
RL,,11885,Pave,AllPub,2Story,2001,PConc,7,1,11,2009,Normal,2
RL,70.0,8402,Pave,AllPub,1Story,2007,PConc,6,1,12,2007,Partial,1
RM,21.0,1491,Pave,AllPub,SFoyer,1972,CBlock,3,1,5,2010,Normal,0
RL,80.0,8800,Pave,AllPub,SFoyer,1963,PConc,6,1,5,2010,Abnorml,1
RL,,7861,Pave,AllPub,2Story,2002,PConc,7,1,6,2006,Normal,2
RL,59.0,7227,Pave,AllPub,1.5Unf,1954,CBlock,4,1,6,2008,Normal,0
RL,90.0,11694,Pave,AllPub,1Story,2007,PConc,9,1,7,2007,Partial,3
RL,85.0,12244,Pave,AllPub,2Story,2003,PConc,10,1,8,2008,Normal,3
RL,45.0,8248,Pave,AllPub,1Story,1914,BrkTil,5,1,9,2008,Normal,0
RL,90.0,10800,Pave,AllPub,2Story,1974,CBlock,9,1,6,2008,Normal,2
RL,71.0,7064,Pave,AllPub,1Story,1977,CBlock,6,1,7,2009,Normal,1
FV,,2117,Pave,AllPub,2Story,2000,PConc,4,1,6,2007,Normal,1
RL,80.0,10400,Pave,AllPub,2Story,1972,CBlock,8,1,11,2006,Normal,1
RL,87.0,10000,Pave,AllPub,1Story,1962,CBlock,5,1,2,2010,Normal,1
RL,,12342,Pave,AllPub,1Story,1960,CBlock,6,1,8,2007,Normal,1
RL,80.0,9600,Pave,AllPub,SLvl,1955,CBlock,7,1,3,2010,Normal,1
RL,70.0,11606,Pave,AllPub,2Story,1969,PConc,9,1,9,2007,Family,1
RL,82.0,9020,Pave,AllPub,SLvl,1964,CBlock,6,1,6,2008,Normal,1
RM,50.0,9000,Pave,AllPub,2Story,1880,BrkTil,8,1,6,2006,Abnorml,1
RL,34.0,4590,Pave,AllPub,1Story,2006,PConc,6,1,8,2007,Normal,2
RL,85.0,11900,Pave,AllPub,1Story,1977,CBlock,6,1,4,2009,Family,0
RL,80.0,9250,Pave,AllPub,1Story,1954,CBlock,6,1,7,2007,Normal,1
RL,64.0,6979,Pave,AllPub,SFoyer,1980,CBlock,4,2,6,2010,Normal,1
RH,60.0,10896,Pave,AllPub,2.5Fin,1914,CBlock,14,2,3,2007,Abnorml,2
RM,51.0,6120,Pave,AllPub,1Story,1936,BrkTil,4,1,1,2009,Normal,0
RM,50.0,6000,Pave,AllPub,1.5Fin,1954,CBlock,7,2,11,2009,Normal,0
RL,67.0,8777,Pave,AllPub,1Story,1910,CBlock,4,1,5,2008,Normal,0
RL,53.0,3982,Pave,AllPub,1Story,2006,PConc,7,1,10,2006,Partial,2
RL,62.0,12677,Pave,AllPub,1Story,2003,PConc,6,1,4,2008,Normal,2
FV,,7050,Pave,AllPub,2Story,2001,PConc,7,1,5,2007,Normal,2
RL,75.0,13860,Pave,AllPub,SLvl,1972,CBlock,9,1,7,2009,Normal,3
RL,80.0,10793,Pave,AllPub,2Story,1969,CBlock,7,1,4,2007,Normal,1
FV,85.0,9187,Pave,AllPub,1Story,2009,PConc,7,1,10,2009,Partial,3
RL,,10530,Pave,AllPub,1Story,1971,CBlock,5,1,3,2007,Normal,1
RL,60.0,7200,Pave,AllPub,1Story,1950,CBlock,7,1,7,2008,Normal,0
RL,85.0,10452,Pave,AllPub,1Story,1953,CBlock,5,1,6,2008,Normal,1
RL,70.0,7700,Pave,AllPub,2Story,1966,CBlock,7,1,6,2010,Normal,1
RM,21.0,1936,Pave,AllPub,SFoyer,1970,CBlock,3,1,12,2007,Normal,0
FV,65.0,8125,Pave,AllPub,2Story,2007,PConc,7,1,5,2008,Normal,2
RL,60.0,9084,Pave,AllPub,2Story,1940,CBlock,7,1,10,2009,Normal,1
RL,70.0,8750,Pave,AllPub,2Story,1996,PConc,7,1,7,2009,Normal,2
RM,60.0,10320,Pave,AllPub,1.5Fin,1906,CBlock,7,1,6,2008,Normal,1
RL,91.0,10437,Pave,AllPub,1Story,1995,PConc,7,1,8,2008,Normal,3
RM,21.0,1680,Pave,AllPub,2Story,1971,CBlock,6,1,3,2010,Family,0
RL,72.0,10007,Pave,AllPub,1Story,1959,CBlock,5,1,8,2008,Normal,1
RL,60.0,7200,Pave,AllPub,2Story,1931,BrkTil,6,1,2,2008,Normal,1
RL,78.0,17503,Pave,AllPub,1.5Fin,1948,CBlock,6,1,1,2010,Abnorml,0
RL,75.0,9937,Pave,AllPub,1Story,1964,PConc,7,1,3,2009,Normal,1
RL,,12384,Pave,AllPub,2Story,1976,CBlock,7,1,11,2007,Normal,2
RL,52.0,46589,Pave,AllPub,2Story,1994,PConc,8,1,7,2009,Normal,3
RL,120.0,13560,Pave,AllPub,1Story,1968,CBlock,5,1,7,2009,Normal,1
RL,90.0,10012,Pave,AllPub,SFoyer,1972,CBlock,6,1,4,2008,Normal,1
RL,49.0,20896,Pave,AllPub,1Story,2005,PConc,8,1,1,2006,Partial,3
RL,106.0,11194,Pave,AllPub,2Story,2000,PConc,7,1,11,2006,Normal,2
RL,,18450,Pave,AllPub,2Story,1965,CBlock,7,1,8,2007,Abnorml,1
RL,65.0,8125,Pave,AllPub,1Story,1994,PConc,7,1,10,2008,Normal,2
RL,,14175,Pave,AllPub,1Story,1956,CBlock,6,1,11,2006,Normal,1
RL,80.0,11600,Pave,AllPub,1Story,1922,BrkTil,5,1,7,2006,Normal,1
RL,64.0,8633,Pave,AllPub,2Story,2005,PConc,7,1,2,2009,Normal,1
RH,54.0,6629,Pave,AllPub,2Story,1925,BrkTil,6,1,7,2009,Normal,0
RL,,11250,Pave,AllPub,1Story,1977,CBlock,6,1,6,2006,Normal,1
RL,110.0,14442,Pave,AllPub,1Story,1957,PConc,7,1,6,2007,Normal,2
RL,80.0,9200,Pave,AllPub,1Story,1965,CBlock,5,1,7,2008,Normal,1
RL,24.0,2289,Pave,AllPub,2Story,1978,CBlock,7,1,4,2009,Normal,1
RM,60.0,9600,Pave,AllPub,2Story,1900,BrkTil,8,2,5,2006,Normal,0
RL,52.0,9022,Pave,AllPub,1Story,1924,BrkTil,5,1,5,2009,Normal,1
RL,80.0,11844,Pave,AllPub,1Story,2008,PConc,7,1,7,2009,Partial,3
RL,,9945,Pave,AllPub,1Story,1961,CBlock,5,1,10,2007,Normal,1
RL,50.0,8012,Pave,AllPub,1Story,1980,CBlock,5,1,5,2010,Normal,1
RH,55.0,4500,Pave,AllPub,1.5Fin,1932,BrkTil,6,1,7,2009,Abnorml,1
RL,,2887,Pave,AllPub,1Story,1996,PConc,6,1,11,2008,Normal,1
RL,90.0,11248,Pave,AllPub,1Story,2002,PConc,7,1,7,2007,Normal,3
RL,58.0,16770,Pave,AllPub,2Story,1998,PConc,7,1,6,2010,Normal,2
RL,,5062,Pave,AllPub,2Story,1984,CBlock,6,1,9,2007,Normal,2
FV,84.0,10207,Pave,AllPub,2Story,2007,PConc,7,1,8,2007,Partial,2
FV,,5105,Pave,AllPub,2Story,2004,PConc,4,1,3,2007,Normal,1
RL,60.0,8089,Pave,AllPub,1Story,2007,PConc,7,1,10,2007,Partial,3
RL,61.0,7577,Pave,AllPub,1Story,2005,PConc,6,1,6,2007,Normal,2
RM,,4426,Pave,AllPub,1Story,2004,PConc,3,1,5,2008,Normal,1
RL,104.0,21535,Pave,AllPub,2Story,1994,PConc,10,1,1,2007,Normal,3
RL,42.0,26178,Pave,AllPub,2Story,1989,PConc,9,1,4,2006,Normal,3
RL,60.0,5400,Pave,AllPub,1Story,1921,BrkTil,4,1,12,2006,Abnorml,1
RM,51.0,6120,Pave,AllPub,1.5Fin,1936,BrkTil,5,1,4,2009,Normal,1
RL,54.0,13811,Pave,AllPub,1Story,1987,CBlock,5,1,7,2006,Normal,1
RM,50.0,6000,Pave,AllPub,1Story,1921,CBlock,4,1,6,2006,Normal,0
RL,57.0,6420,Pave,AllPub,1Story,1952,PConc,6,1,9,2006,Normal,1
RL,65.0,8450,Pave,AllPub,1Story,1965,CBlock,5,1,4,2010,Normal,1
FV,59.0,4282,Pave,AllPub,1Story,2004,PConc,5,1,7,2008,Normal,2
RL,85.0,14331,Pave,AllPub,1Story,2002,PConc,7,1,5,2006,Normal,3
RL,80.0,9600,Pave,AllPub,1Story,1969,CBlock,6,1,7,2006,Normal,1
RL,82.0,12438,Pave,AllPub,2Story,2006,PConc,10,1,7,2006,Partial,3
RM,76.0,7630,Pave,AllPub,2Story,1900,BrkTil,8,2,5,2010,Normal,1
RL,70.0,8400,Pave,AllPub,1Story,2004,PConc,7,1,5,2010,Normal,2
RM,70.0,5600,Pave,AllPub,2Story,1930,Slab,7,2,7,2010,Normal,0
RL,,115149,Pave,AllPub,1Story,1971,CBlock,5,1,6,2007,Normal,3
RL,48.0,6240,Pave,AllPub,1Story,2006,PConc,6,1,12,2009,Normal,2
RL,65.0,9018,Pave,AllPub,2Story,2007,PConc,8,1,7,2007,Partial,2
RL,,7162,Pave,AllPub,1Story,1966,PConc,6,1,12,2008,Abnorml,1
RL,56.0,4130,Pave,AllPub,1Story,1935,CBlock,5,1,7,2008,Normal,0
C (all),66.0,8712,Pave,AllPub,1.5Fin,1900,Stone,7,1,1,2010,Abnorml,0
RL,40.0,4671,Pave,AllPub,1Story,1988,PConc,5,1,10,2008,Normal,2
RL,60.0,9873,Pave,AllPub,1Story,1970,CBlock,6,1,5,2006,Normal,1
RL,,13517,Pave,AllPub,2Story,1976,CBlock,6,1,3,2010,Normal,1
RL,78.0,10140,Pave,AllPub,1Story,1974,CBlock,7,1,8,2009,Normal,1
RM,60.0,10800,Pave,AllPub,2Story,1890,BrkTil,8,1,7,2007,Normal,1
RL,80.0,10000,Pave,AllPub,1Story,1973,CBlock,5,1,11,2008,Normal,1
RL,96.0,10542,Pave,AllPub,2Story,1993,PConc,9,1,8,2008,Normal,3
RL,69.0,9920,Pave,AllPub,1Story,1969,CBlock,5,1,5,2006,Normal,1
RL,,6563,Pave,AllPub,1Story,1985,PConc,5,1,12,2006,Normal,2
RM,,4426,Pave,AllPub,1Story,2004,PConc,3,1,5,2010,Normal,1
RL,70.0,8120,Pave,AllPub,1Story,1970,CBlock,5,1,7,2009,Normal,1
RL,60.0,8172,Pave,AllPub,1.5Fin,1954,PConc,7,1,5,2008,Normal,1
RL,86.0,13286,Pave,AllPub,1Story,2007,PConc,8,1,2,2009,Normal,3
RL,60.0,6960,Pave,AllPub,1Story,1970,CBlock,5,1,11,2009,Normal,1
RL,,21695,Pave,AllPub,1Story,1988,CBlock,5,1,12,2009,Normal,2
RL,64.0,7314,Pave,AllPub,1Story,2007,PConc,6,1,2,2009,Normal,2
RL,85.0,11475,Pave,AllPub,1Story,1958,CBlock,9,2,7,2009,Abnorml,1
RM,52.0,6240,Pave,AllPub,1.5Fin,1925,CBlock,5,1,1,2009,Normal,0
RL,39.0,5389,Pave,AllPub,1Story,1995,PConc,5,1,3,2010,Normal,2
RL,73.0,9590,Pave,AllPub,SLvl,2003,PConc,6,1,5,2007,Normal,2
RL,75.0,11404,Pave,AllPub,2Story,1998,PConc,8,1,7,2008,Normal,2
RL,80.0,10000,Pave,AllPub,1Story,1961,CBlock,6,1,3,2009,Normal,1
RL,,8978,Pave,AllPub,1Story,1968,PConc,6,1,5,2007,Family,1
RM,60.0,10800,Pave,AllPub,2.5Unf,1914,BrkTil,6,1,10,2006,Normal,1
RL,60.0,8544,Pave,AllPub,1Story,1950,CBlock,6,2,7,2006,Normal,0
RL,72.0,10463,Pave,AllPub,2Story,2005,PConc,8,1,6,2006,Normal,2
RL,60.0,10800,Pave,AllPub,1Story,1987,CBlock,5,1,3,2009,Alloca,1
RL,65.0,9313,Pave,AllPub,2Story,2004,PConc,7,1,4,2009,Normal,2
RM,60.0,9600,Pave,AllPub,2Story,1910,BrkTil,7,1,5,2007,Abnorml,1
RL,65.0,6768,Pave,AllPub,1Story,1961,CBlock,5,1,5,2008,Normal,1
RL,65.0,8450,Pave,AllPub,1Story,2000,PConc,6,1,12,2007,Normal,1
RL,70.0,12886,Pave,AllPub,SLvl,1963,CBlock,6,1,10,2009,Normal,1
RL,41.0,5395,Pave,AllPub,1Story,1993,PConc,5,1,10,2008,Normal,2
RL,,8963,Pave,AllPub,2Story,1976,CBlock,11,1,7,2008,Normal,3
RL,,8795,Pave,AllPub,2Story,2000,PConc,8,1,4,2009,Normal,2
RM,65.0,11700,Pave,AllPub,2Story,1880,Stone,8,1,5,2009,Normal,2
RL,59.0,10593,Pave,AllPub,1Story,1996,PConc,7,1,3,2010,Normal,2
RL,50.0,8405,Pave,AllPub,1.5Fin,1945,Slab,9,1,4,2009,Normal,0
RM,55.0,8800,Pave,AllPub,1.5Fin,1910,BrkTil,7,1,6,2010,Normal,0
RL,,7750,Pave,AllPub,2Story,2003,PConc,6,1,8,2007,Normal,1
RL,79.0,9236,Pave,AllPub,1Story,1997,PConc,6,1,7,2006,Normal,2
RL,80.0,10240,Pave,AllPub,2Story,2005,PConc,8,1,3,2006,Normal,2
RL,61.0,7930,Pave,AllPub,1Story,1969,CBlock,5,1,7,2009,Normal,1
FV,34.0,3230,Pave,AllPub,2Story,1999,PConc,6,1,3,2009,Normal,1
RL,68.0,10769,Pave,AllPub,2Story,2007,PConc,7,1,4,2009,Normal,2
RL,,11616,Pave,AllPub,2Story,1978,CBlock,6,1,4,2010,Abnorml,1
FV,24.0,2280,Pave,AllPub,2Story,1999,PConc,6,1,8,2008,Normal,2
RL,65.0,12257,Pave,AllPub,2Story,1995,PConc,9,1,11,2007,Normal,3
RL,70.0,9100,Pave,AllPub,1Story,1959,CBlock,5,1,10,2009,Normal,1
RM,60.0,6911,Pave,AllPub,1Story,1924,PConc,5,1,10,2009,Normal,0
FV,72.0,8640,Pave,AllPub,2Story,2009,PConc,7,1,6,2010,Normal,2
RL,82.0,9430,Pave,AllPub,2Story,1999,PConc,8,1,7,2009,Normal,3
RL,30.0,9549,Pave,AllPub,1Story,1995,PConc,6,1,4,2006,Normal,2
RL,75.0,14587,Pave,AllPub,1Story,2008,PConc,6,1,8,2008,Partial,2
RL,80.0,10421,Pave,AllPub,2Story,1988,CBlock,7,1,3,2010,Normal,2
RL,75.0,12508,Pave,AllPub,1.5Fin,1940,CBlock,7,1,7,2008,Normal,1
RL,70.0,9100,Pave,AllPub,1Story,2004,PConc,8,1,10,2006,Normal,2
RL,47.0,53504,Pave,AllPub,2Story,2003,PConc,12,1,6,2010,Normal,3
RL,,7252,Pave,AllPub,SFoyer,1982,CBlock,5,1,4,2009,Normal,1
RL,67.0,8877,Pave,AllPub,1Story,1951,CBlock,6,1,4,2006,Normal,0
RL,94.0,7819,Pave,AllPub,SLvl,1976,CBlock,6,1,3,2010,Abnorml,1
RL,70.0,10150,Pave,AllPub,1Story,1958,CBlock,5,1,7,2007,Normal,1
RL,110.0,14226,Pave,AllPub,1Story,2006,PConc,9,1,7,2007,Partial,3
RM,32.0,4500,Pave,AllPub,1Story,1998,PConc,5,1,6,2009,Normal,1
RL,86.0,11210,Pave,AllPub,1Story,2005,PConc,7,1,7,2006,Partial,2
RL,100.0,13350,Pave,AllPub,1Story,1974,CBlock,5,1,6,2006,Normal,1
RH,60.0,8400,Pave,AllPub,1Story,1977,Slab,10,2,10,2007,Normal,1
RL,78.0,10530,Pave,AllPub,SFoyer,1977,CBlock,4,1,5,2006,Normal,1
RL,63.0,7875,Pave,AllPub,1Story,1995,PConc,6,1,6,2007,Normal,1
RL,65.0,7153,Pave,AllPub,2Story,1992,PConc,7,1,7,2006,Normal,1
RL,67.0,16285,Pave,AllPub,1Story,2001,PConc,6,1,6,2009,Normal,2
RL,,9101,Pave,AllPub,SFoyer,1978,PConc,4,1,7,2009,Normal,1
RM,35.0,6300,Pave,AllPub,2.5Unf,1914,CBlock,9,1,6,2008,Normal,1
RL,,9790,Pave,AllPub,1Story,1967,CBlock,7,1,9,2009,Normal,1
RM,60.0,10800,Pave,AllPub,1.5Fin,1915,PConc,7,1,6,2010,Normal,1
RL,76.0,10142,Pave,AllPub,2Story,2004,PConc,8,1,1,2010,Normal,2
RM,50.0,6000,Pave,AllPub,1Story,1954,CBlock,4,1,8,2008,Normal,1
RL,,12205,Pave,AllPub,2Story,1966,CBlock,9,1,7,2007,Normal,2
RL,43.0,3182,Pave,AllPub,1Story,2005,PConc,5,1,9,2009,Normal,1
RL,,11333,Pave,AllPub,SLvl,1976,PConc,5,1,5,2007,Normal,1
RL,92.0,9920,Pave,AllPub,2Story,1996,PConc,8,1,6,2007,Normal,2
RL,76.0,9158,Pave,AllPub,1Story,2007,PConc,7,1,6,2007,Partial,2
RL,,10832,Pave,AllPub,2Story,1994,PConc,7,1,10,2008,Normal,2
RL,70.0,8400,Pave,AllPub,2Story,1980,CBlock,7,1,4,2010,Normal,1
RL,71.0,8197,Pave,AllPub,1Story,1977,CBlock,7,1,4,2007,Normal,1
RL,57.0,7677,Pave,AllPub,1Story,1953,CBlock,4,1,4,2008,Abnorml,1
RL,104.0,13518,Pave,AllPub,2Story,2008,PConc,11,1,7,2009,Partial,3
RL,60.0,7200,Pave,AllPub,1.5Fin,1937,BrkTil,7,1,6,2007,Normal,1
RL,79.0,12798,Pave,AllPub,2Story,1997,PConc,8,1,5,2008,Normal,2
RM,40.0,4800,Pave,AllPub,1Story,1916,CBlock,5,1,7,2007,Normal,1
RL,63.0,8199,Pave,AllPub,2Story,2005,PConc,7,1,10,2008,Normal,2
RL,107.0,13891,Pave,AllPub,2Story,2008,PConc,12,1,1,2009,Partial,3
RL,75.0,9000,Pave,AllPub,1Story,1954,CBlock,5,1,6,2006,Family,1
RL,91.0,12274,Pave,AllPub,1Story,2008,PConc,6,1,7,2008,Partial,2
RL,75.0,9750,Pave,AllPub,SLvl,1967,PConc,6,1,10,2006,Normal,1
RL,144.0,21384,Pave,AllPub,2Story,1923,CBlock,6,1,5,2009,Normal,2
RL,85.0,13400,Pave,AllPub,SLvl,1966,CBlock,6,1,6,2006,Normal,1
RM,90.0,8100,Pave,AllPub,2.5Unf,1898,PConc,11,3,11,2009,Normal,0
RL,78.0,10140,Pave,AllPub,1Story,1974,CBlock,5,1,1,2006,Normal,2
RM,,4438,Pave,AllPub,1Story,2004,PConc,4,1,6,2008,Normal,1
C (all),66.0,8712,Grvl,AllPub,1Story,1952,CBlock,4,1,6,2010,Alloca,0
RL,75.0,9750,Pave,AllPub,1Story,1958,CBlock,7,1,4,2007,Normal,1
RL,45.0,8248,Pave,AllPub,1.5Fin,1918,BrkTil,7,1,7,2006,Normal,1
RL,48.0,12137,Pave,AllPub,1Story,1998,PConc,6,1,5,2010,Normal,2
RL,,11425,Pave,AllPub,1Story,1954,CBlock,4,1,7,2006,Normal,1
RL,,13265,Pave,AllPub,1Story,2002,PConc,7,1,7,2008,Normal,2
RL,80.0,8816,Pave,AllPub,SLvl,1971,CBlock,6,1,6,2010,Normal,1
RL,44.0,6371,Pave,AllPub,1Story,2009,PConc,6,1,6,2010,Partial,2
RL,72.0,7226,Pave,AllPub,2Story,2003,PConc,6,1,6,2008,Normal,2
RM,60.0,6000,Pave,AllPub,1Story,1953,CBlock,4,1,2,2009,Normal,0
RL,,12394,Pave,AllPub,2Story,2003,PConc,7,1,10,2007,Family,2
RL,60.0,9900,Pave,AllPub,1.5Fin,1940,BrkTil,7,1,7,2009,Normal,1
FV,81.0,11216,Pave,AllPub,1Story,2006,PConc,7,1,6,2006,Partial,2
RL,114.0,14803,Pave,AllPub,1Story,2007,PConc,7,1,6,2008,Partial,3
RM,50.0,6130,Pave,AllPub,1.5Unf,1924,BrkTil,5,1,5,2008,Normal,1
RL,65.0,8529,Pave,AllPub,1Story,2001,PConc,6,1,4,2009,Normal,2
RL,,28698,Pave,AllPub,2Story,1967,PConc,7,1,6,2009,Abnorml,2
FV,24.0,2544,Pave,AllPub,2Story,2005,PConc,4,1,7,2006,Normal,1
RL,80.0,11900,Pave,AllPub,1Story,1957,CBlock,6,1,6,2008,Normal,1
FV,30.0,3180,Pave,AllPub,2Story,2005,PConc,4,1,6,2006,Normal,1
RL,44.0,9548,Pave,AllPub,2Story,2003,PConc,7,1,1,2010,Normal,2
RL,100.0,10004,Pave,AllPub,1Story,1964,CBlock,6,1,2,2009,Normal,1
RL,75.0,7875,Pave,AllPub,1Story,1961,CBlock,6,1,9,2008,Normal,1
RL,60.0,9600,Pave,AllPub,1Story,1950,CBlock,4,1,2,2010,Normal,1
RM,90.0,8100,Pave,AllPub,1Story,1948,BrkTil,5,1,6,2007,Normal,1
RM,21.0,1680,Pave,AllPub,2Story,1973,CBlock,5,1,11,2008,Normal,0
RL,75.0,9525,Pave,AllPub,1Story,1995,PConc,6,1,6,2008,Normal,1
RL,70.0,11767,Pave,AllPub,1.5Fin,1946,CBlock,6,1,5,2008,Normal,1
RH,,12155,Pave,AllPub,2Story,1925,BrkTil,7,1,3,2008,Normal,1
RM,60.0,10440,Pave,AllPub,2Story,1904,PConc,8,1,6,2008,Normal,1
RL,82.0,9020,Pave,AllPub,SLvl,1966,CBlock,6,1,5,2008,Normal,1
RL,80.0,8000,Pave,AllPub,1Story,1961,CBlock,10,2,7,2007,Normal,1
RM,100.0,12665,Pave,AllPub,1.5Fin,1915,BrkTil,7,1,6,2008,Normal,1
RL,,16647,Pave,AllPub,SFoyer,1975,CBlock,6,1,1,2007,Normal,1
RL,75.0,9317,Pave,AllPub,2Story,1993,PConc,7,1,7,2009,Normal,2
RL,36.0,15523,Pave,AllPub,1Story,1972,CBlock,5,1,8,2009,Normal,1
RL,75.0,45600,Pave,AllPub,1.5Fin,1908,BrkTil,10,1,9,2008,Normal,2
RL,80.0,9600,Pave,AllPub,SLvl,1976,CBlock,7,1,8,2007,Normal,2
RM,36.0,4435,Pave,AllPub,1Story,2003,PConc,3,1,11,2007,Normal,1
RL,,3196,Pave,AllPub,1Story,2003,PConc,7,1,5,2006,Normal,2
RL,53.0,7128,Pave,AllPub,2.5Unf,1941,CBlock,7,1,8,2007,Normal,1
RL,,12095,Pave,AllPub,SLvl,1964,CBlock,7,1,8,2009,Normal,1
RL,102.0,17920,Pave,AllPub,1Story,1955,CBlock,6,1,7,2006,Abnorml,1
RL,,6897,Pave,AllPub,1Story,1962,CBlock,6,1,4,2010,Normal,1
RL,,10970,Pave,AllPub,SLvl,1978,CBlock,5,1,10,2008,Normal,1
RL,65.0,8125,Pave,AllPub,2Story,1994,PConc,6,1,3,2009,Normal,1
RL,80.0,10400,Pave,AllPub,1Story,1976,CBlock,6,1,6,2009,Family,1
RL,,11029,Pave,AllPub,2Story,1968,CBlock,9,1,8,2006,Normal,2
RL,55.0,7642,Pave,AllPub,1.5Fin,1918,BrkTil,7,1,6,2007,Normal,2
RL,75.0,11625,Pave,AllPub,1Story,1965,PConc,6,1,4,2010,Normal,1
RL,81.0,9672,Pave,AllPub,1Story,1984,PConc,6,1,5,2010,Normal,1
RL,70.0,7931,Pave,AllPub,1Story,1959,CBlock,6,1,7,2009,Normal,1
FV,72.0,8640,Pave,AllPub,1Story,2007,PConc,6,1,5,2008,Partial,2
RL,,8750,Pave,AllPub,1Story,1970,CBlock,5,1,8,2009,Normal,1
RL,67.0,10656,Pave,AllPub,1Story,2006,PConc,6,1,11,2007,Partial,2
RL,85.0,6970,Pave,AllPub,1Story,1961,CBlock,5,1,5,2007,Normal,1
RL,,14762,Pave,AllPub,2Story,1948,Slab,7,1,5,2006,Normal,1
RL,80.0,9938,Pave,AllPub,2Story,1993,PConc,8,1,6,2010,Normal,2
RL,60.0,6600,Pave,AllPub,1Story,1962,CBlock,5,1,8,2009,Normal,1
RL,70.0,8750,Pave,AllPub,2Story,1998,PConc,7,1,6,2010,Normal,2
RL,74.0,8892,Pave,AllPub,1Story,1953,Stone,5,1,10,2008,Normal,1
RL,60.0,12144,Pave,AllPub,1Story,1949,CBlock,6,1,9,2009,Normal,1
RM,52.0,5720,Pave,AllPub,1.5Fin,1941,CBlock,5,1,8,2009,Abnorml,0
FV,75.0,9000,Pave,AllPub,2Story,2007,PConc,11,1,8,2007,Partial,3
RL,94.0,25286,Pave,AllPub,1Story,1963,PConc,5,1,1,2007,Normal,1
RL,74.0,8834,Pave,AllPub,2Story,2004,PConc,10,1,6,2009,Normal,3
RL,88.0,11782,Pave,AllPub,SFoyer,1961,CBlock,6,1,6,2010,Normal,1
RL,,7000,Pave,AllPub,1Story,1978,CBlock,6,1,7,2009,Normal,1
RL,60.0,7024,Pave,AllPub,1Story,2005,PConc,5,1,6,2007,Normal,1
RL,44.0,13758,Pave,AllPub,1.5Fin,1990,CBlock,7,1,4,2007,Normal,2
RL,,9636,Pave,AllPub,2Story,1992,PConc,7,1,12,2009,Normal,1
RL,60.0,6204,Pave,AllPub,2.5Fin,1912,PConc,10,1,3,2006,Normal,1
RL,65.0,7150,Pave,AllPub,1Story,1967,CBlock,5,1,7,2009,Normal,0
FV,50.0,5119,Pave,AllPub,1Story,1999,PConc,5,1,1,2008,Abnorml,3
RL,70.0,8393,Pave,AllPub,1Story,1959,CBlock,8,2,6,2006,Family,1
RL,59.0,16466,Pave,AllPub,1.5Fin,1955,PConc,8,1,4,2008,Normal,1
RL,95.0,15865,Pave,AllPub,1Story,1970,PConc,8,1,10,2007,Normal,2
RL,128.0,12160,Pave,AllPub,1Story,1953,CBlock,6,1,2,2009,Normal,1
RL,60.0,8064,Pave,AllPub,1.5Fin,1949,CBlock,6,1,7,2007,Normal,1
RL,70.0,11184,Pave,AllPub,2Story,1978,CBlock,7,1,7,2009,Normal,1
RL,70.0,8414,Pave,AllPub,1Story,1963,CBlock,6,1,2,2006,Normal,1
RL,,13284,Pave,AllPub,1Story,1954,PConc,6,1,6,2008,Normal,1
RL,64.0,7018,Pave,AllPub,1Story,1979,Slab,8,2,6,2009,Alloca,1
RL,71.0,7056,Pave,AllPub,2Story,1963,CBlock,8,1,10,2008,Normal,1
RM,50.0,8765,Pave,AllPub,1Story,1936,BrkTil,6,1,4,2006,Abnorml,1
RL,64.0,7018,Pave,AllPub,2Story,1979,Slab,12,2,6,2009,Alloca,1
RL,100.0,12919,Pave,AllPub,1Story,2009,PConc,11,1,3,2010,Partial,3
RL,65.0,6993,Pave,AllPub,1Story,1961,CBlock,6,1,6,2006,Normal,1
RL,,7340,Pave,AllPub,1Story,1971,CBlock,4,1,6,2007,Normal,1
RL,64.0,8712,Pave,AllPub,1Story,1957,CBlock,5,1,5,2009,Normal,1
RL,63.0,7875,Pave,AllPub,2Story,2003,PConc,8,1,7,2006,Normal,2
RL,50.0,14859,Pave,AllPub,1Story,2006,PConc,7,1,8,2006,Partial,2
RL,,6173,Pave,AllPub,1Story,1967,CBlock,6,1,8,2007,Normal,1
RL,80.0,9920,Pave,AllPub,1Story,1954,CBlock,6,1,2,2010,Normal,1
RL,116.0,13501,Pave,AllPub,1Story,2006,PConc,8,1,6,2007,Normal,2
RL,86.0,11500,Pave,AllPub,1.5Fin,1936,CBlock,6,1,6,2006,Normal,2
RL,,8885,Pave,AllPub,1Story,1983,CBlock,5,1,6,2006,Normal,1
RL,149.0,12589,Pave,AllPub,2Story,2005,PConc,8,1,6,2009,Normal,1
RL,80.0,11600,Pave,AllPub,2Story,1960,CBlock,12,2,1,2010,Normal,1
RL,,9286,Pave,AllPub,1Story,1977,CBlock,5,1,10,2009,Normal,1
RM,51.0,6120,Pave,AllPub,1Story,1925,BrkTil,6,1,7,2006,Abnorml,0
RH,82.0,6270,Pave,AllPub,2Story,1949,CBlock,8,2,8,2007,Normal,1
FV,30.0,3000,Pave,AllPub,2Story,2009,PConc,4,1,6,2009,Partial,1
RM,21.0,2001,Pave,AllPub,2Story,1970,CBlock,6,1,1,2007,Normal,0
C (all),50.0,9000,Pave,AllPub,1Story,1949,CBlock,4,1,10,2006,Abnorml,0
RL,,17140,Pave,AllPub,1Story,1956,CBlock,6,1,4,2009,Normal,1
RL,103.0,13125,Pave,AllPub,2Story,1991,PConc,8,1,11,2007,Normal,2
RL,87.0,11029,Pave,AllPub,1Story,1958,CBlock,6,1,5,2008,Normal,1
RL,70.0,8462,Pave,AllPub,2Story,1994,PConc,7,1,7,2007,Normal,2
RL,67.0,8777,Pave,AllPub,1.5Fin,1900,CBlock,9,2,9,2008,Normal,1
RL,65.0,10237,Pave,AllPub,1Story,2005,PConc,6,1,10,2006,Partial,1
RL,50.0,8012,Pave,AllPub,1Story,1993,PConc,5,1,7,2008,Normal,2
RL,79.0,10240,Pave,AllPub,1Story,1980,CBlock,7,1,5,2006,Normal,2
RL,,15611,Pave,AllPub,1Story,1977,PConc,6,1,3,2008,Abnorml,1
RL,93.0,11999,Pave,AllPub,2Story,2003,PConc,10,1,5,2007,Normal,3
RL,,9900,Pave,AllPub,2Story,1968,CBlock,9,1,4,2008,Normal,1
RL,,11838,Pave,AllPub,1Story,2001,PConc,7,1,6,2009,Normal,2
RL,,13006,Pave,AllPub,2Story,1997,PConc,8,1,11,2006,Normal,2
RL,73.0,8925,Pave,AllPub,1Story,2007,PConc,7,1,7,2009,Normal,2
RL,70.0,9100,Pave,AllPub,1Story,1965,CBlock,5,1,7,2009,Normal,1
RL,84.0,11670,Pave,AllPub,1Story,2006,PConc,8,1,3,2007,Normal,3
RL,63.0,8487,Pave,AllPub,1Story,2004,PConc,6,1,8,2009,Normal,2
RL,313.0,27650,Pave,AllPub,1Story,1960,CBlock,9,1,11,2008,Normal,2
RL,52.0,5825,Pave,AllPub,1Story,1926,PConc,5,1,6,2006,Normal,0
RL,67.0,10083,Pave,AllPub,1Story,2003,PConc,5,1,8,2009,Normal,2
RL,75.0,9675,Pave,AllPub,2Story,2005,PConc,8,1,2,2009,Normal,2
RL,73.0,8760,Pave,AllPub,2Story,2006,PConc,7,1,8,2006,Partial,2
RL,,24090,Pave,AllPub,2Story,1940,CBlock,10,1,6,2010,Normal,2
RL,55.0,12640,Pave,AllPub,1Story,1976,CBlock,8,2,7,2006,Normal,1
RL,,8755,Pave,AllPub,2Story,1999,PConc,8,1,6,2009,Normal,2
RL,42.0,7711,Pave,AllPub,1Story,1977,PConc,8,2,8,2007,Abnorml,1
RL,100.0,25000,Pave,AllPub,1Story,1967,CBlock,8,2,6,2007,Normal,1
RL,,14375,Pave,NoSeWa,SLvl,1958,CBlock,7,1,1,2009,Abnorml,1
RM,98.0,8820,Pave,AllPub,1.5Fin,1890,BrkTil,7,1,9,2009,Normal,1
RL,70.0,8163,Pave,AllPub,SLvl,1959,CBlock,6,1,3,2006,Normal,1
RL,85.0,14536,Pave,AllPub,1Story,2002,PConc,9,1,11,2007,Normal,2
RL,65.0,14006,Pave,AllPub,2Story,2002,PConc,7,1,2,2006,Normal,2
RL,78.0,9360,Pave,AllPub,1Story,1972,CBlock,5,1,3,2010,Normal,2
RL,60.0,7200,Pave,AllPub,1Story,1950,CBlock,5,1,7,2007,Normal,1
RH,60.0,7800,Pave,AllPub,1Story,1965,CBlock,6,1,7,2006,Abnorml,1
RL,60.0,7200,Pave,AllPub,SFoyer,1972,CBlock,5,1,4,2009,Normal,1
RL,,11075,Pave,AllPub,2Story,1969,CBlock,7,1,9,2008,Normal,1
RL,35.0,9400,Pave,AllPub,SFoyer,1975,CBlock,4,0,10,2006,AdjLand,1
RH,82.0,7136,Pave,AllPub,2Story,1946,CBlock,8,2,8,2007,Normal,1
RM,24.0,1300,Pave,AllPub,2Story,1980,CBlock,5,1,5,2009,Normal,1
RL,70.0,7420,Pave,AllPub,1Story,1962,CBlock,6,1,4,2007,Normal,1
RL,65.0,8450,Pave,AllPub,1Story,2003,PConc,6,1,10,2007,Normal,2
FV,24.0,2572,Pave,AllPub,2Story,1999,PConc,6,1,5,2010,Normal,1
RL,50.0,7207,Pave,AllPub,1Story,1958,CBlock,4,1,2,2010,Normal,1
RL,,12227,Pave,AllPub,2Story,1977,CBlock,11,1,7,2008,Normal,2
RL,24.0,2308,Pave,AllPub,2Story,1976,CBlock,7,1,7,2007,Normal,1
RL,122.0,11923,Pave,AllPub,1Story,2007,PConc,7,1,5,2009,Normal,2
RL,80.0,11316,Pave,AllPub,2Story,2002,PConc,8,1,2,2010,Normal,2
RL,65.0,10237,Pave,AllPub,2Story,2005,PConc,8,1,7,2007,Partial,1
RL,130.0,9600,Pave,AllPub,1.5Fin,1940,BrkTil,7,1,6,2009,Normal,1
RL,,7390,Pave,AllPub,1Story,1955,CBlock,6,1,7,2008,Normal,1
RM,50.0,5925,Pave,AllPub,1.5Fin,1910,BrkTil,6,1,5,2009,Abnorml,0
RL,75.0,10382,Pave,AllPub,SLvl,1958,CBlock,6,1,3,2006,Normal,1
RL,60.0,10800,Pave,AllPub,1.5Fin,1949,CBlock,6,1,12,2006,Abnorml,1
RL,36.0,2268,Pave,AllPub,2Story,2003,PConc,6,1,7,2009,Normal,1
RL,55.0,7892,Pave,AllPub,1Story,1979,CBlock,5,1,4,2010,Normal,0
FV,95.0,11639,Pave,AllPub,1Story,2007,PConc,6,1,12,2008,Partial,2
RL,60.0,11414,Pave,AllPub,2Story,1910,BrkTil,8,1,10,2009,Normal,1
FV,,2651,Pave,AllPub,2Story,2000,PConc,6,1,4,2006,Normal,1
RL,51.0,5900,Pave,AllPub,1Story,1923,PConc,4,1,8,2006,Normal,0
FV,35.0,4274,Pave,AllPub,1Story,2006,PConc,4,1,11,2007,Partial,2
RL,68.0,9450,Pave,AllPub,1Story,1954,CBlock,5,1,5,2007,Abnorml,1
RL,80.0,8816,Pave,AllPub,1Story,1963,PConc,5,1,6,2009,Normal,1
RL,,12122,Pave,AllPub,SFoyer,1961,CBlock,6,1,7,2008,Normal,1
RL,98.0,12203,Pave,AllPub,2Story,1998,PConc,8,1,7,2009,Normal,3
RL,43.0,3182,Pave,AllPub,1Story,2007,PConc,6,1,3,2008,Normal,1
RL,,11250,Pave,AllPub,2Story,2002,PConc,9,1,5,2008,Normal,2
RL,75.0,10125,Pave,AllPub,1.5Fin,1977,CBlock,8,2,8,2009,Normal,1
RL,68.0,10880,Pave,AllPub,1Story,1950,CBlock,5,1,8,2008,Normal,1
RM,59.0,5310,Pave,AllPub,1.5Fin,1910,CBlock,5,1,6,2006,Normal,1
RL,83.0,10159,Pave,AllPub,1Story,2009,PConc,8,1,4,2010,Partial,3
RL,,12046,Pave,AllPub,2Story,1976,CBlock,8,1,6,2007,Normal,2
FV,65.0,8125,Pave,AllPub,2Story,2006,PConc,6,1,8,2006,Partial,2
RL,82.0,9452,Pave,AllPub,2Story,1997,PConc,7,1,6,2006,Normal,3
RM,121.0,17671,Pave,AllPub,2Story,1882,BrkTil,8,1,11,2009,Normal,1
RL,80.0,9760,Pave,AllPub,2Story,1964,CBlock,7,1,7,2007,Normal,2
RL,68.0,8846,Pave,AllPub,2Story,2005,PConc,6,1,8,2006,Partial,1
RL,96.0,12456,Pave,AllPub,1Story,2006,PConc,7,1,7,2009,Normal,3
RL,51.0,4712,Pave,AllPub,1.5Fin,1946,CBlock,5,1,8,2006,Abnorml,1
RL,,10659,Pave,AllPub,1Story,1961,CBlock,6,1,1,2006,Normal,1
RL,,11717,Pave,AllPub,1Story,1970,CBlock,6,1,2,2009,Normal,2
RM,60.0,9786,Pave,AllPub,1Story,1922,BrkTil,6,1,5,2006,Normal,0
RL,64.0,6762,Pave,AllPub,1Story,2006,PConc,6,1,2,2010,Normal,2
RL,74.0,10206,Pave,AllPub,1Story,1952,Slab,4,1,7,2009,Normal,0
RL,60.0,5400,Pave,AllPub,1Story,1920,BrkTil,4,1,1,2007,Abnorml,0
RL,75.0,11957,Pave,AllPub,1Story,2006,PConc,7,1,7,2008,Normal,2
RL,,11500,Pave,AllPub,1Story,1976,CBlock,8,2,6,2007,Normal,1
RL,43.0,3182,Pave,AllPub,1Story,2005,PConc,7,1,5,2009,Normal,2
RL,65.0,8385,Pave,AllPub,SLvl,1977,CBlock,6,1,11,2008,Normal,1
RL,,12155,Pave,AllPub,1Story,1970,CBlock,7,1,3,2007,Normal,1
RM,21.0,2217,Pave,AllPub,2Story,1970,CBlock,6,1,8,2009,Normal,0
RL,43.0,12118,Pave,AllPub,1Story,2004,PConc,7,1,4,2009,Normal,2
RL,60.0,6000,Pave,AllPub,1.5Fin,1926,BrkTil,7,1,6,2006,Normal,0
RL,115.0,21286,Pave,AllPub,1.5Fin,1948,CBlock,7,1,8,2008,Normal,1
RL,75.0,9825,Pave,AllPub,1Story,1965,CBlock,8,2,5,2010,Normal,0
RL,55.0,10592,Pave,AllPub,2Story,1923,PConc,7,1,8,2007,Normal,1
RM,60.0,7200,Pave,AllPub,1Story,1910,BrkTil,4,1,6,2009,Normal,0
RL,60.0,11664,Pave,AllPub,1Story,1948,CBlock,5,1,11,2007,Normal,1
RL,70.0,8400,Pave,AllPub,2Story,2001,PConc,6,1,11,2009,Normal,2
RL,73.0,11883,Pave,AllPub,1Story,1996,PConc,6,1,6,2009,Normal,2
RL,,5814,Pave,AllPub,1Story,1984,CBlock,4,1,8,2009,Abnorml,2
RL,,10784,Pave,AllPub,SLvl,1991,PConc,7,1,5,2007,Normal,1
RL,43.0,3013,Pave,AllPub,1Story,2005,PConc,6,1,4,2006,Normal,2
RL,60.0,7024,Pave,AllPub,1Story,2005,PConc,5,1,6,2008,Normal,1
RL,64.0,7406,Pave,AllPub,1Story,2006,PConc,6,1,7,2006,Partial,2
RM,52.0,9439,Pave,AllPub,1.5Fin,1930,CBlock,6,1,3,2007,Normal,0
RL,43.0,3182,Pave,AllPub,1Story,2005,PConc,7,1,5,2008,Normal,2
RL,,15498,Pave,AllPub,1Story,1976,CBlock,10,1,5,2008,Abnorml,3
RL,70.0,7700,Pave,AllPub,1Story,1972,CBlock,5,1,3,2007,Normal,1
RL,73.0,9300,Pave,AllPub,1Story,1960,CBlock,6,1,4,2010,Normal,1
RL,71.0,9520,Pave,AllPub,1Story,2007,PConc,7,1,4,2008,Partial,3
RL,79.0,9492,Pave,AllPub,1.5Fin,1941,CBlock,6,1,4,2007,Normal,0
RM,21.0,1680,Pave,AllPub,2Story,1972,CBlock,7,1,5,2006,Normal,1
RH,,7082,Pave,AllPub,2Story,1916,PConc,10,2,7,2006,Normal,1
RL,102.0,15863,Pave,AllPub,2.5Fin,1920,BrkTil,12,1,8,2009,Normal,2
RL,,14541,Pave,AllPub,2Story,1993,PConc,10,1,11,2006,Abnorml,3
RL,,8125,Pave,AllPub,1Story,2002,PConc,6,1,2,2006,Normal,2
RL,50.0,6305,Pave,AllPub,1Story,1938,PConc,5,1,6,2007,Normal,1
RL,,11500,Pave,AllPub,1Story,1957,Slab,5,1,1,2009,Normal,0
RL,89.0,12898,Pave,AllPub,1Story,2007,PConc,6,1,9,2009,Normal,3
RL,,9240,Pave,AllPub,2Story,2001,PConc,7,1,9,2008,Normal,3
RM,21.0,1533,Pave,AllPub,2Story,1970,CBlock,6,1,5,2009,Normal,0
RM,21.0,1477,Pave,AllPub,SFoyer,1970,CBlock,3,1,4,2009,Normal,0
RL,88.0,13125,Pave,AllPub,1Story,1957,CBlock,8,1,1,2006,Normal,1
RL,,9130,Pave,AllPub,2Story,1966,CBlock,7,1,7,2008,Normal,1
RL,34.0,5381,Pave,AllPub,1Story,2005,PConc,5,1,8,2009,Normal,2
RL,86.0,11839,Pave,AllPub,2Story,1990,PConc,10,1,5,2008,Normal,2
RL,80.0,9600,Pave,AllPub,1Story,1981,PConc,9,1,7,2009,Normal,2
RL,,13680,Pave,AllPub,1Story,1955,Slab,8,1,6,2009,Normal,1
RL,85.0,16056,Pave,AllPub,2Story,2005,PConc,11,1,7,2006,Partial,3
RL,57.0,9245,Pave,AllPub,1Story,1994,PConc,5,1,2,2008,Normal,1
RL,100.0,21750,Pave,AllPub,1Story,1960,Slab,9,1,11,2009,Normal,1
RL,60.0,11100,Pave,AllPub,1Story,1946,CBlock,6,1,4,2010,Abnorml,0
RL,73.0,8993,Pave,AllPub,1Story,2007,PConc,6,1,8,2007,Partial,1
RL,103.0,11175,Pave,AllPub,1Story,2007,PConc,6,1,10,2007,Partial,2
RL,100.0,9500,Pave,AllPub,2Story,1964,CBlock,9,1,6,2007,Normal,1
RL,68.0,8562,Pave,AllPub,1Story,1957,CBlock,7,1,5,2010,Normal,1
RL,90.0,11367,Pave,AllPub,2Story,2002,PConc,7,1,11,2006,Normal,2
RL,104.0,11361,Pave,AllPub,1Story,1976,CBlock,7,1,5,2008,Abnorml,2
RL,43.0,7052,Pave,AllPub,1Story,2005,PConc,6,1,6,2006,Normal,2
RL,,29959,Pave,AllPub,2Story,1994,PConc,7,1,1,2009,Normal,2
RL,96.0,11308,Pave,AllPub,2Story,2008,PConc,10,1,7,2009,Normal,3
RL,,11275,Pave,AllPub,1.5Fin,1932,CBlock,7,1,3,2007,Normal,2
RL,41.0,4920,Pave,AllPub,1Story,2001,PConc,6,1,4,2010,Normal,2
C (all),120.0,18000,Grvl,AllPub,1Story,1935,CBlock,6,1,8,2008,Normal,0
RM,85.0,13600,Pave,AllPub,2Story,1900,BrkTil,10,2,9,2007,Normal,0
RM,50.0,6000,Pave,AllPub,1Story,1925,BrkTil,5,1,7,2006,Normal,1
RL,,11000,Pave,AllPub,1Story,1966,CBlock,6,1,11,2009,Normal,1
RL,80.0,14000,Pave,AllPub,2Story,1996,PConc,7,1,4,2010,Normal,3
RL,59.0,7837,Pave,AllPub,2Story,1993,PConc,7,1,5,2009,Normal,1
RL,80.0,9760,Pave,AllPub,2Story,1964,CBlock,7,1,6,2008,Normal,1
RM,42.0,3964,Pave,AllPub,2Story,1973,CBlock,10,1,6,2006,Normal,1
RL,60.0,9600,Pave,AllPub,1.5Unf,1949,CBlock,4,1,5,2007,Normal,1
RL,72.0,10152,Pave,AllPub,1Story,1956,CBlock,6,1,6,2007,Normal,1
RL,78.0,11700,Pave,AllPub,2Story,1968,CBlock,8,1,5,2009,Normal,1
RL,50.0,7585,Pave,AllPub,1.5Fin,1948,CBlock,7,1,8,2006,Normal,0
RL,75.0,7950,Pave,AllPub,2Story,1977,CBlock,6,1,7,2009,Normal,1
RL,74.0,8556,Pave,AllPub,1Story,2006,PConc,5,1,5,2007,Normal,2
RL,75.0,13125,Pave,AllPub,2Story,1940,CBlock,6,1,7,2007,Normal,2
RL,60.0,10800,Pave,AllPub,1.5Fin,1936,CBlock,7,1,4,2006,Normal,1
RL,,15870,Pave,AllPub,1Story,1969,CBlock,6,1,3,2006,Abnorml,1
RM,37.0,4435,Pave,AllPub,1Story,2004,PConc,3,1,5,2006,Normal,1
RL,65.0,8775,Pave,AllPub,1Story,1994,PConc,5,1,4,2007,Normal,1
RL,80.0,11040,Pave,AllPub,1Story,1971,CBlock,5,1,10,2008,Abnorml,1
RL,75.0,7500,Pave,AllPub,1Story,1963,CBlock,5,1,6,2010,Normal,1
RL,70.0,8749,Pave,AllPub,1Story,2002,PConc,6,1,9,2007,Normal,2
RL,80.0,8800,Pave,AllPub,1Story,1964,CBlock,6,1,3,2006,Normal,1
RL,,13031,Pave,AllPub,2Story,1995,PConc,6,1,7,2006,Normal,2
RL,73.0,9069,Pave,AllPub,SFoyer,1992,PConc,5,1,4,2010,Normal,1
RM,,1974,Pave,AllPub,2Story,1973,CBlock,6,1,5,2010,Normal,0
FV,85.0,10574,Pave,AllPub,2Story,2005,PConc,9,1,5,2009,Normal,2
RM,24.0,2522,Pave,AllPub,2Story,2004,PConc,7,1,4,2006,Normal,1
FV,37.0,3316,Pave,AllPub,1Story,2005,PConc,4,1,4,2006,Normal,2
RL,60.0,8544,Pave,AllPub,1Story,1950,Slab,6,2,6,2009,Normal,0
FV,24.0,2160,Pave,AllPub,2Story,1999,PConc,4,1,3,2008,Normal,1
RL,60.0,8400,Pave,AllPub,1.5Fin,1925,PConc,7,1,6,2008,Normal,1
RL,71.0,9230,Pave,AllPub,1Story,1965,CBlock,6,1,10,2006,Normal,1
RL,74.0,5868,Pave,AllPub,1Story,1956,CBlock,4,1,5,2010,Normal,1
RL,78.0,9317,Pave,AllPub,1Story,2006,PConc,6,1,3,2007,Normal,1
RM,60.0,6882,Pave,AllPub,2Story,1914,PConc,7,1,3,2007,Normal,1
RL,,3696,Pave,AllPub,1Story,1986,CBlock,5,1,10,2007,Normal,1
RM,50.0,6000,Pave,AllPub,1.5Fin,1936,BrkTil,6,1,7,2009,Normal,1
RL,82.0,11880,Pave,AllPub,1Story,1978,CBlock,7,1,4,2009,Abnorml,1
RL,60.0,8400,Pave,AllPub,1Story,1920,CBlock,3,1,1,2009,Normal,0
RL,61.0,9758,Pave,AllPub,1Story,1971,CBlock,5,1,7,2007,Normal,1
RL,70.0,7000,Pave,AllPub,1Story,1960,CBlock,6,1,4,2007,Family,1
RL,79.0,8910,Pave,AllPub,1Story,1959,CBlock,6,1,7,2006,Normal,1
RM,24.0,2016,Pave,AllPub,2Story,1970,CBlock,6,1,4,2007,Normal,0
RL,98.0,12256,Pave,AllPub,2Story,1994,PConc,9,1,4,2010,Normal,3
RL,114.0,10357,Pave,AllPub,1Story,1990,PConc,6,1,5,2007,Normal,2
RL,168.0,23257,Pave,AllPub,2Story,2006,PConc,9,1,9,2006,Partial,2
RL,,8063,Pave,AllPub,2Story,2000,PConc,7,1,11,2007,Abnorml,2
RL,107.0,11362,Pave,AllPub,1Story,2004,PConc,7,1,3,2009,Normal,3
RL,,8000,Pave,AllPub,2Story,1995,PConc,8,1,6,2008,Normal,2
RL,80.0,10480,Pave,AllPub,2Story,1976,CBlock,8,1,9,2008,Normal,2
RL,73.0,7100,Pave,AllPub,1Story,1957,CBlock,5,1,7,2006,Normal,1
RL,66.0,8923,Pave,AllPub,1Story,1953,CBlock,6,1,5,2007,Normal,1
RL,90.0,5400,Pave,AllPub,1Story,1954,CBlock,4,1,8,2006,Normal,1
RL,93.0,12085,Pave,AllPub,1Story,2007,PConc,7,1,11,2007,Partial,3
RL,,7750,Pave,AllPub,SLvl,2002,PConc,7,1,3,2009,Normal,2
RL,57.0,9764,Pave,AllPub,1Story,1967,CBlock,5,1,5,2008,Normal,1
RL,85.0,13825,Pave,AllPub,SLvl,1958,CBlock,6,1,12,2008,Normal,1
RL,70.0,7560,Pave,AllPub,1Story,1959,CBlock,6,1,7,2006,Normal,1
RM,59.0,8263,Pave,AllPub,1Story,1920,BrkTil,6,1,5,2007,Normal,1
RL,84.0,10084,Pave,AllPub,1Story,2005,PConc,7,1,7,2006,Partial,2
RL,,8926,Pave,AllPub,1Story,1956,CBlock,5,1,10,2009,Abnorml,1
RL,50.0,9405,Pave,AllPub,1Story,1947,CBlock,4,1,6,2009,Normal,1
RL,,9125,Pave,AllPub,SLvl,1992,PConc,7,1,7,2007,Normal,1
RL,60.0,10434,Pave,AllPub,1Story,1955,CBlock,5,1,11,2009,Normal,1
RL,53.0,3684,Pave,AllPub,1Story,2007,PConc,7,1,6,2009,Normal,1
RL,182.0,14572,Pave,AllPub,1Story,2004,PConc,7,1,11,2007,Family,2
RL,59.0,11796,Pave,AllPub,2Story,2004,PConc,8,1,7,2007,Normal,2
RM,60.0,7200,Pave,AllPub,SFoyer,1980,CBlock,4,1,8,2007,Normal,1
RL,65.0,7804,Pave,AllPub,1.5Fin,1928,BrkTil,7,1,12,2009,Normal,1
RL,63.0,10712,Pave,AllPub,1Story,1991,PConc,5,1,9,2007,Abnorml,0
RM,90.0,9900,Pave,AllPub,2Story,1880,BrkTil,8,1,5,2007,Normal,1
RL,80.0,9828,Pave,AllPub,2Story,1995,PConc,8,1,6,2009,Normal,2
RL,57.0,8773,Pave,AllPub,2Story,1997,PConc,7,1,8,2007,Normal,1
RM,60.0,6180,Pave,AllPub,1Story,1926,BrkTil,5,1,5,2007,Normal,0
RL,80.0,9600,Pave,AllPub,1.5Fin,1950,CBlock,6,1,4,2008,Abnorml,1
RL,54.0,6342,Pave,AllPub,1.5Fin,1875,CBlock,6,1,5,2010,Normal,0
RL,,9819,Pave,AllPub,1Story,1977,PConc,5,1,5,2009,Normal,2
RL,98.0,8731,Pave,AllPub,1Story,1920,BrkTil,6,1,5,2007,Normal,1
RL,60.0,7350,Pave,AllPub,1Story,1951,CBlock,4,1,6,2008,Abnorml,1
RL,,10304,Pave,AllPub,2Story,1976,CBlock,9,1,10,2009,Normal,2
RL,77.0,9965,Pave,AllPub,2Story,2006,PConc,11,1,4,2007,Partial,3
RL,,9000,Pave,AllPub,1Story,1959,CBlock,5,1,7,2008,Normal,0
RL,60.0,12180,Pave,AllPub,1.5Fin,1941,BrkTil,5,1,7,2010,Normal,0
RM,52.0,6240,Pave,AllPub,1.5Fin,1928,BrkTil,8,1,8,2006,Family,1
RL,,11200,Pave,AllPub,1Story,1985,CBlock,5,1,5,2006,Normal,2
RL,75.0,12000,Pave,AllPub,2Story,1941,CBlock,7,1,7,2009,Normal,1
RM,,5700,Pave,AllPub,1.5Fin,1926,PConc,5,1,8,2008,Normal,1
RM,50.0,9000,Pave,AllPub,2Story,1920,PConc,7,1,7,2009,Normal,1
RL,57.0,8280,Pave,AllPub,1Story,1950,CBlock,4,1,11,2007,Normal,1
RL,134.0,17755,Pave,AllPub,1Story,1959,CBlock,6,1,11,2006,Normal,1
RL,90.0,14115,Pave,AllPub,1Story,1956,PConc,6,1,7,2006,Abnorml,2
RM,,5890,Pave,AllPub,1Story,1930,BrkTil,5,1,6,2008,Normal,1
RL,,13700,Pave,AllPub,2Story,1965,CBlock,8,1,5,2008,Normal,2
RL,90.0,10768,Pave,AllPub,1Story,1976,CBlock,6,1,7,2007,Normal,2
RL,85.0,9350,Pave,AllPub,SLvl,1965,PConc,6,1,10,2008,Normal,2
RL,34.0,5001,Pave,AllPub,1Story,2007,PConc,6,1,7,2009,Normal,2
RL,92.0,11932,Pave,AllPub,1Story,2007,PConc,7,1,6,2008,Partial,2
RL,76.0,9120,Pave,AllPub,2Story,1974,CBlock,8,1,7,2008,Normal,2
RL,24.0,2280,Pave,AllPub,2Story,1978,CBlock,7,1,7,2010,Normal,1
RL,,14778,Pave,AllPub,1Story,1954,CBlock,7,1,11,2008,Normal,2
RL,109.0,8724,Pave,AllPub,1Story,1968,CBlock,5,1,5,2007,Normal,1
RL,60.0,12900,Pave,AllPub,SFoyer,1969,CBlock,6,2,1,2008,Alloca,1
RL,,16157,Pave,AllPub,SLvl,1978,PConc,5,1,6,2007,Normal,2
RL,79.0,9541,Pave,AllPub,1Story,2009,PConc,7,1,9,2009,Partial,2
RL,64.0,10475,Pave,AllPub,1Story,2008,PConc,7,1,2,2010,Normal,2
RL,58.0,10852,Pave,AllPub,2Story,2000,PConc,7,1,2,2006,Normal,1
RL,120.0,13728,Pave,AllPub,2Story,1935,CBlock,7,1,7,2008,Normal,2
RL,118.0,35760,Pave,AllPub,2Story,1995,PConc,10,1,7,2006,Normal,3
RL,76.0,9880,Pave,AllPub,SLvl,1977,CBlock,6,1,7,2008,Normal,1
RL,76.0,9120,Pave,AllPub,1Story,1958,CBlock,6,1,11,2008,Normal,1
FV,35.0,4017,Pave,AllPub,2Story,2006,PConc,5,1,3,2008,Normal,1
RL,138.0,18030,Pave,AllPub,1.5Fin,1946,CBlock,12,1,3,2007,Normal,2
RL,80.0,16560,Pave,AllPub,2Story,1932,BrkTil,9,1,7,2006,Normal,2
RL,85.0,10678,Pave,AllPub,1.5Fin,1992,PConc,9,1,4,2007,Normal,3
RL,37.0,6951,Pave,AllPub,1Story,1984,CBlock,5,1,10,2008,Normal,1
RM,,3950,Pave,AllPub,1.5Fin,1926,CBlock,5,1,12,2009,Normal,1
RL,54.0,7681,Pave,AllPub,1.5Fin,1921,BrkTil,7,1,7,2009,Normal,1
RL,77.0,8335,Pave,AllPub,1Story,1954,Slab,5,1,4,2006,Normal,0
RL,,11170,Pave,AllPub,2Story,1990,Wood,8,1,4,2006,Normal,2
RM,64.0,5587,Pave,AllPub,1Story,2008,PConc,5,1,11,2008,Partial,3
RL,160.0,15623,Pave,AllPub,2Story,1996,PConc,10,1,7,2007,Abnorml,3
RL,60.0,10800,Pave,AllPub,1Story,1920,BrkTil,5,1,6,2006,Normal,1
RL,50.0,35133,Grvl,AllPub,1Story,1963,CBlock,5,1,5,2007,Normal,2
RL,60.0,9738,Pave,AllPub,1.5Fin,1924,BrkTil,7,1,3,2006,Normal,0
RL,107.0,10615,Pave,AllPub,2Story,1900,CBlock,7,2,8,2009,Abnorml,0
RL,89.0,12461,Pave,AllPub,1Story,1994,PConc,5,1,7,2006,Normal,2
RL,68.0,8935,Pave,AllPub,2Story,2002,PConc,7,1,7,2009,Normal,2
RL,60.0,7500,Pave,AllPub,2Story,1999,PConc,7,1,6,2010,Normal,2
RL,,32463,Pave,AllPub,1Story,1961,CBlock,7,1,3,2007,Normal,1
FV,24.0,2645,Pave,AllPub,2Story,1999,PConc,5,1,11,2007,Normal,1
RM,60.0,9600,Pave,AllPub,1.5Fin,1925,PConc,6,1,7,2007,Normal,1
RM,,4500,Pave,AllPub,1Story,1999,PConc,5,1,6,2009,Normal,1
RL,80.0,9364,Pave,AllPub,2Story,1969,CBlock,7,1,3,2010,Normal,1
RL,51.0,8029,Pave,AllPub,2Story,2005,PConc,8,1,7,2008,Normal,1
RL,58.0,14054,Pave,AllPub,2Story,2006,PConc,9,1,11,2006,Partial,2
RM,65.0,8850,Pave,AllPub,2.5Unf,1916,BrkTil,7,1,7,2006,Normal,1
RL,70.0,9100,Pave,AllPub,1Story,2001,PConc,6,1,6,2009,Normal,1
RL,75.0,11235,Pave,AllPub,1Story,1963,CBlock,6,1,10,2006,Normal,1
RL,71.0,9353,Pave,AllPub,1Story,1970,CBlock,5,1,7,2006,Abnorml,1
RL,80.0,10400,Pave,AllPub,2Story,1998,PConc,6,1,3,2009,Normal,2
RM,50.0,6000,Pave,AllPub,1.5Fin,1925,BrkTil,5,1,5,2009,Normal,1
RL,75.0,9750,Pave,AllPub,1Story,2000,PConc,6,1,10,2009,Normal,2
RL,78.0,10140,Pave,AllPub,1Story,1975,CBlock,6,1,7,2006,Normal,1
RL,90.0,14684,Pave,AllPub,1Story,1990,CBlock,7,1,6,2009,Normal,2
RH,,8900,Pave,AllPub,1Story,1966,CBlock,5,1,11,2006,Normal,1
RL,70.0,9135,Pave,AllPub,1Story,2003,PConc,7,1,5,2006,Normal,2
RL,70.0,7763,Pave,AllPub,1Story,1962,CBlock,6,1,10,2008,Normal,1
RL,85.0,10182,Pave,AllPub,1Story,2006,PConc,8,1,5,2006,Partial,3
RL,70.0,11218,Pave,AllPub,2Story,1992,PConc,8,1,5,2010,Normal,2
RL,152.0,12134,Pave,AllPub,1.5Fin,1988,Wood,8,1,6,2010,Normal,1
RL,50.0,9340,Pave,AllPub,1Story,1941,CBlock,4,1,8,2009,Normal,1
RL,,10246,Pave,AllPub,SLvl,1965,CBlock,3,1,5,2006,Normal,1
RL,69.0,10205,Pave,AllPub,SFoyer,1962,CBlock,6,1,5,2006,Normal,1
RL,99.0,7094,Pave,AllPub,1Story,1966,CBlock,5,1,5,2007,Normal,1
RM,68.0,8930,Pave,AllPub,1.5Fin,1978,Slab,8,2,4,2010,Normal,1
FV,72.0,8640,Pave,AllPub,1Story,2009,PConc,6,1,9,2009,Partial,2
RM,52.0,6240,Pave,AllPub,1.5Fin,1947,Slab,3,1,7,2006,Normal,0
RM,21.0,1680,Pave,AllPub,2Story,1971,CBlock,7,1,4,2006,Abnorml,0
RL,66.0,7800,Pave,AllPub,1Story,1964,CBlock,5,1,11,2006,Abnorml,1
RL,55.0,8250,Pave,AllPub,1Story,1968,CBlock,5,1,8,2008,Normal,1
RL,78.0,10496,Pave,AllPub,1.5Fin,1949,CBlock,7,1,1,2007,Normal,1
RL,89.0,10680,Pave,AllPub,1Story,1951,CBlock,7,1,10,2006,Normal,1
RL,60.0,15384,Pave,AllPub,2Story,2004,PConc,8,1,2,2008,Normal,2
RL,65.0,10482,Pave,AllPub,SLvl,1958,CBlock,6,1,6,2007,Normal,1
RL,86.0,14598,Pave,AllPub,2Story,2007,PConc,9,1,1,2008,Normal,2
RL,72.0,8872,Pave,AllPub,1Story,1965,CBlock,5,1,12,2008,Normal,1
RL,65.0,8769,Pave,AllPub,1Story,2008,PConc,7,1,10,2008,Partial,3
RL,70.0,7910,Pave,AllPub,SLvl,1960,CBlock,7,1,8,2008,Normal,1
RL,,18890,Pave,AllPub,1.5Fin,1977,CBlock,12,2,8,2007,Normal,2
RL,70.0,7728,Pave,AllPub,SLvl,1962,CBlock,6,1,5,2006,Normal,1
RL,70.0,9842,Pave,AllPub,1Story,1962,Slab,6,2,3,2007,Normal,0
RL,,12160,Pave,AllPub,1Story,1959,CBlock,6,1,5,2010,Abnorml,1
RH,55.0,8525,Pave,AllPub,2Story,1911,PConc,7,1,11,2008,Abnorml,1
RL,96.0,13132,Pave,AllPub,2Story,1914,BrkTil,9,1,7,2006,Normal,1
RL,36.0,2628,Pave,AllPub,2Story,2003,PConc,6,1,6,2010,Normal,1
RL,41.0,12393,Pave,AllPub,2Story,2004,PConc,8,1,9,2006,Normal,2
RL,63.0,13072,Pave,AllPub,1Story,2005,PConc,6,1,3,2006,Abnorml,1
RL,64.0,9037,Pave,AllPub,1Story,2006,PConc,6,1,12,2007,Normal,2
RL,65.0,8158,Pave,AllPub,2Story,2003,PConc,8,1,7,2008,Normal,2
RL,83.0,9849,Pave,AllPub,1Story,2007,PConc,7,1,6,2007,Partial,2
RL,85.0,10625,Pave,AllPub,SFoyer,1974,CBlock,6,1,1,2010,Family,1
RL,107.0,13891,Pave,AllPub,1Story,2006,PConc,7,1,9,2006,Partial,3
RL,,11435,Pave,AllPub,2Story,1929,PConc,7,1,6,2006,Normal,2
RL,78.0,12090,Pave,AllPub,SLvl,1984,CBlock,7,1,1,2007,Abnorml,1
FV,65.0,8125,Pave,AllPub,2Story,2005,PConc,6,1,3,2006,Partial,2
RL,,12328,Pave,AllPub,SLvl,1976,CBlock,6,1,5,2010,Normal,1
RM,60.0,9600,Pave,AllPub,2.5Unf,1917,BrkTil,8,1,4,2008,Normal,1
RL,60.0,7200,Pave,AllPub,1Story,1950,CBlock,6,1,5,2007,Normal,1
RL,93.0,11160,Pave,AllPub,1Story,1968,CBlock,8,1,4,2010,Normal,2
RL,,3136,Pave,AllPub,1Story,2003,PConc,6,1,3,2006,Normal,1
RL,62.0,9858,Pave,AllPub,1Story,1968,CBlock,5,1,11,2009,Normal,1
RL,,17542,Pave,AllPub,2Story,1974,CBlock,9,1,7,2007,Normal,3
RL,60.0,6931,Pave,AllPub,2Story,2003,PConc,7,1,7,2008,Normal,1
RM,52.0,6240,Pave,AllPub,1.5Fin,1931,BrkTil,6,1,11,2007,Normal,1
RL,91.0,14303,Pave,AllPub,1Story,1994,PConc,7,1,8,2008,Normal,3
RL,56.0,4060,Pave,AllPub,1Story,1922,PConc,4,1,7,2009,Normal,0
RL,59.0,9587,Pave,AllPub,SLvl,2005,PConc,5,1,7,2008,Normal,2
RL,65.0,9750,Pave,AllPub,1Story,1969,CBlock,6,1,7,2008,Normal,1
RL,,24682,Pave,AllPub,2Story,1999,PConc,7,1,6,2009,Normal,2
RL,80.0,9600,Pave,AllPub,1Story,1956,CBlock,5,1,6,2009,Normal,1
RL,,11250,Pave,AllPub,1.5Fin,1957,CBlock,8,1,11,2009,Normal,1
RL,60.0,13515,Pave,AllPub,2Story,1919,PConc,8,1,7,2007,Normal,2
RH,34.0,4060,Pave,AllPub,1Story,1998,PConc,5,1,8,2008,Abnorml,2
FV,35.0,3735,Pave,AllPub,2Story,1999,PConc,6,1,3,2006,Normal,2
RM,60.0,10120,Pave,AllPub,2.5Unf,1910,CBlock,9,2,1,2007,Normal,1
RL,89.0,13214,Pave,AllPub,1Story,2008,PConc,10,1,5,2010,Normal,3
RL,,14100,Pave,AllPub,1.5Fin,1935,CBlock,11,1,5,2008,Normal,3
RL,78.0,11344,Pave,AllPub,1.5Fin,1958,CBlock,7,1,7,2007,Normal,1
RL,,23595,Pave,AllPub,1Story,1979,PConc,4,1,4,2010,Normal,2
RL,,9156,Pave,AllPub,1Story,1968,CBlock,7,1,8,2009,Normal,2
RL,,13526,Pave,AllPub,1Story,1965,CBlock,5,1,11,2006,Normal,1
RL,124.0,11512,Pave,AllPub,SLvl,1959,CBlock,5,1,5,2008,Normal,1
RL,53.0,5362,Pave,AllPub,1.5Fin,1910,PConc,8,1,11,2007,Normal,1
RL,95.0,11345,Pave,AllPub,2Story,1948,CBlock,10,2,7,2007,Normal,1
RL,,12936,Pave,AllPub,2Story,1972,CBlock,6,1,12,2009,Normal,1
RL,,17871,Pave,AllPub,SLvl,1967,CBlock,7,1,6,2009,Normal,2
RL,75.0,9473,Pave,AllPub,2Story,2002,PConc,7,1,3,2008,Normal,2
C (all),60.0,7500,Pave,AllPub,1.5Fin,1920,CBlock,6,1,4,2010,Abnorml,0
RL,67.0,9808,Pave,AllPub,1Story,2002,PConc,6,1,3,2009,Normal,2
RL,50.0,8049,Pave,AllPub,1Story,1990,CBlock,6,1,7,2006,Normal,2
RL,61.0,8800,Pave,AllPub,1Story,1977,CBlock,5,1,9,2009,Normal,1
RL,94.0,9400,Pave,AllPub,2Story,1971,CBlock,8,2,4,2010,Normal,1
RL,50.0,9638,Pave,AllPub,1.5Fin,1919,PConc,10,1,3,2010,Normal,1
RM,50.0,6000,Pave,AllPub,1.5Fin,1939,CBlock,6,1,5,2009,Normal,1
RL,,9790,Pave,AllPub,1Story,1963,CBlock,6,1,6,2010,Normal,1
RL,,36500,Pave,AllPub,1Story,1964,CBlock,7,1,6,2006,Normal,2
RL,40.0,5664,Pave,AllPub,1Story,2000,PConc,5,1,10,2009,Normal,2
RL,86.0,11065,Pave,AllPub,2Story,2006,PConc,8,1,10,2006,Partial,3
RL,,14112,Pave,AllPub,SLvl,1964,PConc,6,1,4,2010,Normal,2
RM,21.0,1680,Pave,AllPub,2Story,1972,CBlock,6,1,2,2009,Normal,1
RM,60.0,6600,Pave,AllPub,2Story,1892,Stone,11,2,12,2009,Normal,1
RL,78.0,10140,Pave,AllPub,2Story,1976,PConc,8,1,3,2006,Normal,1
RL,60.0,8172,Pave,AllPub,1Story,1955,CBlock,5,1,4,2006,Normal,1
RL,70.0,8400,Pave,AllPub,1Story,1968,CBlock,5,1,11,2006,Normal,1
RL,80.0,8700,Pave,AllPub,1Story,1963,CBlock,6,1,12,2008,Normal,1
RM,35.0,3675,Pave,AllPub,SFoyer,2005,PConc,5,1,6,2006,Partial,1
RL,313.0,63887,Pave,AllPub,2Story,2008,PConc,12,1,1,2008,Partial,1
RL,75.0,7500,Pave,AllPub,1Story,1959,CBlock,6,1,5,2010,Normal,1
RL,,10762,Pave,AllPub,2Story,1999,PConc,9,1,5,2009,Normal,2
RL,,7500,Pave,AllPub,2Story,1942,CBlock,7,1,11,2009,Normal,1
RL,92.0,10120,Pave,AllPub,2Story,1994,PConc,8,1,12,2006,Normal,3
RL,73.0,8688,Pave,AllPub,1Story,2005,PConc,7,1,4,2006,Normal,2
RM,32.0,3363,Pave,AllPub,2Story,2004,PConc,7,1,4,2006,Normal,1
RL,108.0,13173,Pave,AllPub,1Story,2006,PConc,6,1,11,2009,Normal,3
RL,48.0,6955,Pave,AllPub,1Story,2005,PConc,6,1,9,2006,Partial,2
RL,60.0,8072,Pave,AllPub,1Story,1994,PConc,5,1,5,2009,Normal,1
RM,100.0,12000,Pave,AllPub,1Story,1948,CBlock,6,1,5,2008,Normal,1
RL,,7153,Pave,AllPub,1Story,1991,CBlock,6,1,6,2008,Normal,1
RL,100.0,17500,Pave,AllPub,1Story,1959,PConc,7,1,5,2010,Normal,3
RL,68.0,8814,Pave,AllPub,1Story,2005,PConc,6,1,1,2007,Partial,2
RL,,9572,Pave,AllPub,2Story,1990,PConc,9,1,6,2007,Normal,3
RL,108.0,14774,Pave,AllPub,2Story,1999,PConc,10,1,5,2010,Normal,3
RL,60.0,8190,Pave,AllPub,1Story,1954,CBlock,5,1,10,2007,Normal,1
RL,85.0,11075,Pave,AllPub,2Story,1969,CBlock,9,1,6,2008,Normal,2
RL,61.0,10226,Pave,AllPub,1Story,2008,PConc,8,1,1,2009,Normal,3
FV,47.0,4230,Pave,AllPub,1Story,2006,PConc,5,1,4,2007,Partial,2
RL,,14781,Pave,AllPub,1Story,2001,PConc,7,1,8,2006,Normal,2
RL,75.0,10215,Pave,AllPub,1Story,1954,PConc,5,1,2,2007,Normal,1
RL,70.0,8400,Pave,AllPub,1Story,1957,CBlock,6,1,6,2009,Normal,1
RL,,6627,Pave,AllPub,1Story,1949,CBlock,4,1,7,2008,Normal,0
RL,107.0,10186,Pave,AllPub,2Story,1992,PConc,8,1,6,2010,Normal,2
RL,50.0,5330,Pave,AllPub,1Story,1940,CBlock,5,1,12,2009,Normal,0
RL,75.0,9986,Pave,AllPub,1Story,2006,PConc,7,1,2,2007,Partial,1
RM,40.0,3636,Pave,AllPub,1Story,1922,BrkTil,5,1,1,2008,Normal,0
RH,70.0,4270,Pave,AllPub,1Story,1931,BrkTil,6,1,5,2007,Normal,0
RL,60.0,6600,Pave,AllPub,1Story,1982,CBlock,5,1,10,2008,Normal,1
RM,60.0,10440,Pave,AllPub,1.5Fin,1920,BrkTil,8,1,6,2008,Normal,2
RL,63.0,9084,Pave,AllPub,2Story,1998,PConc,8,1,6,2006,Normal,1
RL,85.0,10000,Pave,AllPub,1Story,2006,PConc,7,1,12,2007,Normal,2
RL,55.0,10780,Pave,AllPub,SLvl,1976,CBlock,6,1,7,2006,Normal,1
RL,67.0,8877,Pave,AllPub,1Story,1938,CBlock,3,1,5,2009,Normal,0
RM,60.0,7200,Pave,AllPub,1.5Fin,1938,CBlock,6,1,7,2006,Normal,1
RM,24.0,2368,Pave,AllPub,2Story,1970,CBlock,7,1,5,2009,Normal,1
RL,80.0,9650,Pave,AllPub,1Story,1977,CBlock,6,1,4,2009,Normal,1
RL,87.0,9246,Pave,AllPub,1Story,1973,CBlock,8,2,11,2008,Normal,1
RM,153.0,4118,Pave,AllPub,1Story,1941,CBlock,4,1,3,2006,Normal,0
RL,95.0,13450,Pave,AllPub,2Story,2002,PConc,8,1,6,2006,Normal,2
RL,120.0,9560,Pave,AllPub,1Story,1972,CBlock,5,1,6,2006,Normal,1
RL,70.0,8294,Pave,AllPub,1Story,1971,CBlock,5,1,6,2007,Normal,1
RL,66.0,13695,Pave,AllPub,1Story,2003,PConc,6,1,7,2008,Normal,1
RL,,9375,Pave,AllPub,2Story,2002,PConc,7,1,8,2007,Normal,2
RL,57.0,7558,Pave,AllPub,1.5Fin,1928,BrkTil,9,1,3,2009,Normal,1
RL,85.0,11103,Pave,AllPub,2Story,2006,PConc,8,1,7,2007,Partial,1
RM,50.0,6000,Pave,AllPub,1Story,1920,PConc,5,1,7,2007,Normal,1
RL,,20781,Pave,AllPub,1Story,1968,CBlock,9,1,6,2006,Normal,2
RL,93.0,15306,Pave,AllPub,1Story,2006,PConc,7,1,5,2007,Partial,3
RL,,16196,Pave,AllPub,1Story,1998,PConc,5,1,8,2007,Normal,2
RM,50.0,5250,Pave,AllPub,2Story,1872,BrkTil,8,1,12,2008,Normal,1
RL,91.0,11643,Pave,AllPub,2Story,1969,CBlock,12,2,8,2009,Normal,2
RL,70.0,9247,Pave,AllPub,2Story,1962,CBlock,8,1,3,2008,Normal,1
RM,50.0,6000,Pave,AllPub,1.5Fin,1937,BrkTil,4,1,7,2009,Normal,1
RL,56.0,14720,Pave,AllPub,1.5Fin,1995,PConc,9,1,3,2010,Normal,3
RL,,10316,Pave,AllPub,2Story,2000,PConc,7,1,6,2008,Normal,2
RL,102.0,10192,Pave,AllPub,SLvl,1968,CBlock,8,1,9,2006,Normal,1
RL,,9477,Pave,AllPub,1Story,1966,CBlock,5,1,10,2008,Normal,1
RL,,12537,Pave,AllPub,1Story,1971,CBlock,6,1,4,2010,Normal,1
FV,,2117,Pave,AllPub,2Story,2000,PConc,5,1,6,2010,Normal,1
RL,129.0,16737,Pave,AllPub,1Story,2004,PConc,8,1,9,2006,Normal,3
RL,51.0,9842,Pave,AllPub,2Story,1921,BrkTil,8,1,5,2008,Normal,2
RL,124.0,16158,Pave,AllPub,1Story,2005,PConc,7,1,6,2009,Normal,2
RL,,12513,Pave,AllPub,1.5Fin,1920,BrkTil,7,1,6,2009,Normal,0
RL,73.0,8499,Pave,AllPub,2Story,2006,PConc,6,1,3,2007,Partial,1
FV,30.0,3180,Pave,AllPub,2Story,2005,PConc,4,1,4,2006,Abnorml,1
FV,,7500,Pave,AllPub,2Story,2000,PConc,7,1,1,2010,Normal,2
RL,68.0,9179,Pave,AllPub,2Story,1999,PConc,7,1,6,2008,Abnorml,2
RM,41.0,2665,Pave,AllPub,2Story,1977,PConc,6,1,7,2006,Normal,1
RM,,4435,Pave,AllPub,1Story,2003,PConc,4,1,6,2009,Normal,1
RL,48.0,10635,Pave,AllPub,1Story,2003,PConc,8,1,5,2010,Normal,2
RL,90.0,5400,Pave,AllPub,1.5Fin,1920,PConc,6,1,10,2009,Normal,0
RL,80.0,9600,Pave,AllPub,SLvl,1955,CBlock,8,1,10,2008,Normal,1
RL,75.0,9750,Pave,AllPub,2Story,1998,PConc,8,1,6,2006,Normal,2
RL,,11400,Pave,AllPub,1Story,2001,PConc,8,1,3,2007,Normal,3
FV,85.0,10625,Pave,AllPub,2Story,2005,PConc,9,1,7,2008,Normal,2
RL,89.0,10991,Pave,AllPub,1Story,2007,PConc,7,1,12,2007,Partial,2
RL,52.0,6292,Pave,AllPub,1Story,1930,BrkTil,4,1,4,2008,Normal,0
RL,60.0,10998,Pave,AllPub,1.5Fin,1941,CBlock,6,1,7,2009,Normal,1
RM,21.0,1953,Pave,AllPub,2Story,1973,CBlock,5,1,6,2006,Normal,0
RL,73.0,9735,Pave,AllPub,SLvl,2006,PConc,7,1,5,2008,Normal,1
RL,45.0,8212,Pave,AllPub,1Story,1914,BrkTil,5,1,6,2010,Normal,0
RL,,12925,Pave,AllPub,1Story,1970,CBlock,7,1,5,2008,Normal,2
RM,60.0,7200,Pave,AllPub,2Story,1920,BrkTil,8,1,10,2006,Normal,1
RL,,25339,Pave,AllPub,1Story,1918,BrkTil,7,1,8,2007,Normal,1
RL,60.0,9060,Pave,AllPub,1.5Fin,1939,BrkTil,6,1,10,2009,Normal,0
RM,40.0,5436,Pave,AllPub,1.5Fin,1922,BrkTil,7,1,5,2010,Normal,1
RL,80.0,16692,Pave,AllPub,2Story,1978,CBlock,12,1,7,2006,Normal,2
RM,60.0,8520,Pave,AllPub,1.5Fin,1916,BrkTil,10,1,8,2007,Family,1
RL,42.0,14892,Pave,AllPub,1Story,2006,PConc,7,1,10,2009,Normal,3
RM,60.0,6000,Pave,AllPub,1.5Fin,1941,BrkTil,6,1,3,2007,Normal,1
RL,70.0,9100,Pave,AllPub,1Story,2000,PConc,6,1,9,2006,Normal,2
RL,65.0,8944,Pave,AllPub,1Story,1967,CBlock,8,2,4,2009,Normal,1
RL,68.0,7838,Pave,AllPub,SFoyer,1967,CBlock,6,1,12,2006,Normal,1
RM,60.0,10800,Pave,AllPub,1.5Fin,1905,BrkTil,7,2,4,2008,Normal,1
RL,53.0,4045,Pave,AllPub,1Story,2006,PConc,6,1,10,2006,Partial,2
RL,88.0,12665,Pave,AllPub,2Story,2005,PConc,9,1,2,2007,Normal,3
RL,,57200,Pave,AllPub,1Story,1948,CBlock,7,1,6,2010,Normal,1
RM,51.0,6120,Pave,AllPub,2Story,1920,BrkTil,8,1,5,2007,Normal,1
RL,60.0,7200,Pave,AllPub,1.5Fin,1950,CBlock,7,1,5,2009,Normal,1
RL,51.0,6171,Pave,AllPub,1.5Fin,1925,BrkTil,7,1,10,2009,Normal,1
RM,50.0,6000,Pave,AllPub,1.5Fin,1929,BrkTil,5,1,7,2008,Normal,1
RL,62.0,7415,Pave,AllPub,2Story,2004,PConc,8,1,4,2008,Normal,2
RL,64.0,6762,Pave,AllPub,1Story,2006,PConc,6,1,7,2006,Partial,2
RL,49.0,15256,Pave,AllPub,1Story,2007,PConc,6,1,8,2007,Normal,3
RL,60.0,10410,Pave,AllPub,1.5Fin,1915,PConc,6,1,1,2006,Family,0
RM,44.0,3842,Pave,AllPub,1Story,2004,PConc,5,1,1,2008,Normal,2
RL,70.0,8445,Pave,AllPub,SFoyer,1972,CBlock,5,1,3,2009,Normal,1
RL,,8780,Pave,AllPub,1Story,1985,CBlock,5,1,3,2009,Normal,1
RM,60.0,7740,Pave,AllPub,2Story,1910,CBlock,6,1,6,2010,Normal,1
RL,46.0,20544,Pave,AllPub,2Story,1986,CBlock,7,1,11,2008,Normal,2
RL,79.0,12420,Pave,AllPub,2Story,2001,PConc,6,1,6,2009,Normal,2
RL,80.0,9600,Pave,AllPub,1.5Fin,1950,CBlock,6,1,9,2009,Normal,1
RL,60.0,7200,Pave,AllPub,1Story,1949,Slab,6,2,6,2009,Normal,0
RL,88.0,10994,Pave,AllPub,1Story,2005,PConc,7,1,9,2009,Abnorml,2
RL,64.0,13053,Pave,AllPub,1.5Fin,1923,BrkTil,8,1,6,2008,Normal,2
RL,51.0,3635,Pave,AllPub,1Story,2007,PConc,7,1,5,2009,Normal,1
RM,60.0,11340,Pave,AllPub,2Story,1885,PConc,11,2,4,2010,Normal,1
RL,,16545,Pave,AllPub,2Story,1998,PConc,7,1,5,2009,Normal,3
RL,71.0,9204,Pave,AllPub,1Story,1963,CBlock,6,1,8,2008,Normal,1
RL,,16381,Pave,AllPub,1Story,1969,CBlock,7,1,12,2006,Normal,2
RL,90.0,11700,Pave,AllPub,2Story,1968,CBlock,7,1,5,2006,Normal,2
RL,53.0,4043,Pave,AllPub,1Story,1977,CBlock,4,1,7,2010,Normal,1
RM,37.0,4435,Pave,AllPub,1Story,2003,PConc,3,1,3,2008,Normal,1
RL,,19690,Pave,AllPub,SLvl,1966,CBlock,8,1,8,2006,Alloca,2
RL,,9503,Pave,AllPub,1Story,1958,CBlock,6,1,6,2007,Normal,1
RL,80.0,10721,Pave,AllPub,1Story,1959,CBlock,7,1,10,2008,Normal,1
RL,81.0,10944,Pave,AllPub,2Story,1994,PConc,5,1,8,2008,Normal,2
RL,60.0,10930,Pave,AllPub,1.5Fin,1945,CBlock,6,1,4,2008,Normal,1
RM,60.0,7200,Pave,AllPub,1Story,1940,CBlock,4,1,2,2010,Abnorml,1
RL,,12546,Pave,AllPub,1Story,1981,CBlock,7,1,4,2007,Normal,2
RL,60.0,21930,Pave,AllPub,2Story,2005,PConc,7,1,7,2006,Normal,2
RL,,4928,Pave,AllPub,1Story,1976,CBlock,5,1,10,2009,Normal,1
RL,60.0,10800,Pave,AllPub,1Story,1927,BrkTil,5,1,8,2007,Normal,0
RL,93.0,10261,Pave,AllPub,2Story,2000,PConc,8,1,5,2008,Normal,2
RL,80.0,17400,Pave,AllPub,1Story,1977,CBlock,5,1,5,2006,Normal,1
RL,80.0,8400,Pave,AllPub,1Story,1962,CBlock,7,1,7,2008,Abnorml,1
RL,60.0,9000,Pave,AllPub,1Story,1971,PConc,5,1,5,2007,Normal,1
RL,96.0,12444,Pave,AllPub,1Story,2008,PConc,7,1,11,2008,Partial,3
RM,90.0,7407,Pave,AllPub,1Story,1957,CBlock,6,1,4,2010,Normal,1
RL,80.0,11584,Pave,AllPub,SLvl,1979,CBlock,6,1,11,2007,Normal,2
RL,79.0,11526,Pave,AllPub,2.5Fin,1922,BrkTil,11,1,9,2008,Normal,2
RM,,4426,Pave,AllPub,1Story,2004,PConc,3,1,5,2008,Normal,1
FV,85.0,11003,Pave,AllPub,2Story,2008,PConc,10,1,4,2009,Normal,3
RL,,8854,Pave,AllPub,1.5Unf,1916,BrkTil,4,1,5,2009,Normal,1
RL,63.0,8500,Pave,AllPub,1Story,2004,PConc,7,1,11,2007,Normal,2
RL,70.0,8400,Pave,AllPub,SFoyer,1966,CBlock,6,1,5,2007,Normal,1
RL,,26142,Pave,AllPub,1Story,1962,CBlock,6,1,4,2010,Normal,1
RL,80.0,10000,Pave,AllPub,2Story,1995,PConc,8,1,12,2007,Normal,2
RL,70.0,11767,Pave,AllPub,2Story,1910,CBlock,6,1,5,2007,Normal,1
RM,21.0,1533,Pave,AllPub,SFoyer,1970,CBlock,3,1,8,2006,Abnorml,0
RL,60.0,9000,Pave,AllPub,2Story,1974,CBlock,8,2,9,2009,Normal,1
RL,78.0,9262,Pave,AllPub,1Story,2008,PConc,7,1,5,2009,Partial,3
RM,35.0,3675,Pave,AllPub,SLvl,2005,PConc,5,1,5,2006,Normal,1
RL,90.0,17217,Pave,AllPub,1Story,2006,PConc,6,1,7,2006,Abnorml,0
FV,62.0,7500,Pave,AllPub,1Story,2004,PConc,6,1,10,2009,Normal,2
RL,62.0,7917,Pave,AllPub,2Story,1999,PConc,7,1,8,2007,Normal,1
RL,85.0,13175,Pave,AllPub,1Story,1978,CBlock,7,1,2,2010,Normal,2
RL,66.0,9042,Pave,AllPub,2Story,1941,Stone,9,1,5,2010,Normal,2
RL,68.0,9717,Pave,AllPub,1Story,1950,CBlock,5,1,4,2010,Normal,1
RL,75.0,9937,Pave,AllPub,1Story,1965,CBlock,6,1,6,2008,Normal,1
